/*
Deployment script for GreenPro.Database

This code was generated by a tool.
Changes to this file may cause incorrect behavior and will be lost if
the code is regenerated.
*/

GO
SET ANSI_NULLS, ANSI_PADDING, ANSI_WARNINGS, ARITHABORT, CONCAT_NULL_YIELDS_NULL, QUOTED_IDENTIFIER ON;

SET NUMERIC_ROUNDABORT OFF;


GO
:setvar DatabaseName "GreenPro.Database"
:setvar DefaultFilePrefix "GreenPro.Database"
:setvar DefaultDataPath "C:\Users\kunal.kunal-PC\AppData\Local\Microsoft\Microsoft SQL Server Local DB\Instances\MSSQLLocalDB"
:setvar DefaultLogPath "C:\Users\kunal.kunal-PC\AppData\Local\Microsoft\Microsoft SQL Server Local DB\Instances\MSSQLLocalDB"

GO
:on error exit
GO
/*
Detect SQLCMD mode and disable script execution if SQLCMD mode is not supported.
To re-enable the script after enabling SQLCMD mode, execute the following:
SET NOEXEC OFF; 
*/
:setvar __IsSqlCmdEnabled "True"
GO
IF N'$(__IsSqlCmdEnabled)' NOT LIKE N'True'
    BEGIN
        PRINT N'SQLCMD mode must be enabled to successfully execute this script.';
        SET NOEXEC ON;
    END


GO
USE [$(DatabaseName)];


GO
PRINT N'Creating [dbo].[GarageMaxCars]...';


GO
CREATE TABLE [dbo].[GarageMaxCars] (
    [Id]              INT           NOT NULL,
    [GarageID]        INT           NOT NULL,
    [CarPerCrewAdmin] INT           NOT NULL,
    [DayRef]          NVARCHAR (50) NOT NULL,
    PRIMARY KEY CLUSTERED ([Id] ASC)
);


GO
PRINT N'Creating [dbo].[FK_GarageMaxCars_Garages]...';


GO
ALTER TABLE [dbo].[GarageMaxCars] WITH NOCHECK
    ADD CONSTRAINT [FK_GarageMaxCars_Garages] FOREIGN KEY ([GarageID]) REFERENCES [dbo].[Garages] ([GarageId]);


GO
/*
Post-Deployment Script Template							
--------------------------------------------------------------------------------------
 This file contains SQL statements that will be appended to the build script.		
 Use SQLCMD syntax to include a file in the post-deployment script.			
 Example:      :r .\myfile.sql								
 Use SQLCMD syntax to reference a variable in the post-deployment script.		
 Example:      :setvar TableName MyTable							
               SELECT * FROM [$(TableName)]					
--------------------------------------------------------------------------------------
*/

SET IDENTITY_INSERT [dbo].[States] ON
INSERT INTO [dbo].[States] ([Id], [StateName]) VALUES (1, N'New Jersey')
INSERT INTO [dbo].[States] ([Id], [StateName]) VALUES (2, N'New York')
SET IDENTITY_INSERT [dbo].[States] OFF

SET IDENTITY_INSERT [dbo].[Cities] ON
INSERT INTO [dbo].[Cities] ([Id], [CityName], [StateID]) VALUES (1, N'Atlantic', 1)
INSERT INTO [dbo].[Cities] ([Id], [CityName], [StateID]) VALUES (2, N'Bergen', 1)
INSERT INTO [dbo].[Cities] ([Id], [CityName], [StateID]) VALUES (3, N'Burlington', 1)
INSERT INTO [dbo].[Cities] ([Id], [CityName], [StateID]) VALUES (4, N'Camden', 1)
INSERT INTO [dbo].[Cities] ([Id], [CityName], [StateID]) VALUES (5, N'Cape May', 1)
INSERT INTO [dbo].[Cities] ([Id], [CityName], [StateID]) VALUES (6, N'Cumberland', 1)
INSERT INTO [dbo].[Cities] ([Id], [CityName], [StateID]) VALUES (7, N'Essex', 1)
INSERT INTO [dbo].[Cities] ([Id], [CityName], [StateID]) VALUES (8, N'Gloucester', 1)
INSERT INTO [dbo].[Cities] ([Id], [CityName], [StateID]) VALUES (9, N'Hudson', 1)
INSERT INTO [dbo].[Cities] ([Id], [CityName], [StateID]) VALUES (10, N'Hunterdon', 1)
INSERT INTO [dbo].[Cities] ([Id], [CityName], [StateID]) VALUES (11, N'Mercer', 1)
INSERT INTO [dbo].[Cities] ([Id], [CityName], [StateID]) VALUES (12, N'Middlesex', 1)
INSERT INTO [dbo].[Cities] ([Id], [CityName], [StateID]) VALUES (13, N'Monmouth', 1)
INSERT INTO [dbo].[Cities] ([Id], [CityName], [StateID]) VALUES (14, N'Morris', 1)
INSERT INTO [dbo].[Cities] ([Id], [CityName], [StateID]) VALUES (15, N'Ocean', 1)
INSERT INTO [dbo].[Cities] ([Id], [CityName], [StateID]) VALUES (16, N'Passaic', 1)
INSERT INTO [dbo].[Cities] ([Id], [CityName], [StateID]) VALUES (17, N'Salem', 1)
INSERT INTO [dbo].[Cities] ([Id], [CityName], [StateID]) VALUES (18, N'Somerset', 1)
INSERT INTO [dbo].[Cities] ([Id], [CityName], [StateID]) VALUES (19, N'Sussex', 1)
INSERT INTO [dbo].[Cities] ([Id], [CityName], [StateID]) VALUES (20, N'Union', 1)
INSERT INTO [dbo].[Cities] ([Id], [CityName], [StateID]) VALUES (21, N'Warren', 1)
INSERT INTO [dbo].[Cities] ([Id], [CityName], [StateID]) VALUES (22, N'Albany', 2)
INSERT INTO [dbo].[Cities] ([Id], [CityName], [StateID]) VALUES (23, N'Allegany', 2)
INSERT INTO [dbo].[Cities] ([Id], [CityName], [StateID]) VALUES (24, N'Bronx', 2)
INSERT INTO [dbo].[Cities] ([Id], [CityName], [StateID]) VALUES (25, N'Broome', 2)
INSERT INTO [dbo].[Cities] ([Id], [CityName], [StateID]) VALUES (26, N'Cattaraugus', 2)
INSERT INTO [dbo].[Cities] ([Id], [CityName], [StateID]) VALUES (27, N'Cayuga', 2)
INSERT INTO [dbo].[Cities] ([Id], [CityName], [StateID]) VALUES (28, N'Chautauqua', 2)
INSERT INTO [dbo].[Cities] ([Id], [CityName], [StateID]) VALUES (29, N'Chemung', 2)
INSERT INTO [dbo].[Cities] ([Id], [CityName], [StateID]) VALUES (30, N'Chenango', 2)
INSERT INTO [dbo].[Cities] ([Id], [CityName], [StateID]) VALUES (31, N'Clinton', 2)
INSERT INTO [dbo].[Cities] ([Id], [CityName], [StateID]) VALUES (32, N'Columbia', 2)
INSERT INTO [dbo].[Cities] ([Id], [CityName], [StateID]) VALUES (33, N'Cortland', 2)
INSERT INTO [dbo].[Cities] ([Id], [CityName], [StateID]) VALUES (34, N'Delaware', 2)
INSERT INTO [dbo].[Cities] ([Id], [CityName], [StateID]) VALUES (35, N'Dutchess', 2)
INSERT INTO [dbo].[Cities] ([Id], [CityName], [StateID]) VALUES (36, N'Erie', 2)
INSERT INTO [dbo].[Cities] ([Id], [CityName], [StateID]) VALUES (37, N'Essex', 2)
INSERT INTO [dbo].[Cities] ([Id], [CityName], [StateID]) VALUES (38, N'Franklin', 2)
INSERT INTO [dbo].[Cities] ([Id], [CityName], [StateID]) VALUES (39, N'Fulton', 2)
INSERT INTO [dbo].[Cities] ([Id], [CityName], [StateID]) VALUES (40, N'Genesee', 2)
INSERT INTO [dbo].[Cities] ([Id], [CityName], [StateID]) VALUES (41, N'Greene', 2)
INSERT INTO [dbo].[Cities] ([Id], [CityName], [StateID]) VALUES (42, N'Hamilton', 2)
INSERT INTO [dbo].[Cities] ([Id], [CityName], [StateID]) VALUES (43, N'Herkimer', 2)
INSERT INTO [dbo].[Cities] ([Id], [CityName], [StateID]) VALUES (44, N'Jefferson', 2)
INSERT INTO [dbo].[Cities] ([Id], [CityName], [StateID]) VALUES (45, N'Kings', 2)
INSERT INTO [dbo].[Cities] ([Id], [CityName], [StateID]) VALUES (46, N'Lewis', 2)
INSERT INTO [dbo].[Cities] ([Id], [CityName], [StateID]) VALUES (47, N'Livingston', 2)
INSERT INTO [dbo].[Cities] ([Id], [CityName], [StateID]) VALUES (48, N'Madison', 2)
INSERT INTO [dbo].[Cities] ([Id], [CityName], [StateID]) VALUES (49, N'Monroe', 2)
INSERT INTO [dbo].[Cities] ([Id], [CityName], [StateID]) VALUES (50, N'Montgomery', 2)
INSERT INTO [dbo].[Cities] ([Id], [CityName], [StateID]) VALUES (51, N'Nassau', 2)
INSERT INTO [dbo].[Cities] ([Id], [CityName], [StateID]) VALUES (52, N'New York', 2)
INSERT INTO [dbo].[Cities] ([Id], [CityName], [StateID]) VALUES (53, N'Niagara', 2)
INSERT INTO [dbo].[Cities] ([Id], [CityName], [StateID]) VALUES (54, N'Oneida', 2)
INSERT INTO [dbo].[Cities] ([Id], [CityName], [StateID]) VALUES (55, N'Onondaga', 2)
INSERT INTO [dbo].[Cities] ([Id], [CityName], [StateID]) VALUES (56, N'Ontario', 2)
INSERT INTO [dbo].[Cities] ([Id], [CityName], [StateID]) VALUES (57, N'Orange', 2)
INSERT INTO [dbo].[Cities] ([Id], [CityName], [StateID]) VALUES (58, N'Orleans', 2)
INSERT INTO [dbo].[Cities] ([Id], [CityName], [StateID]) VALUES (59, N'Oswego', 2)
INSERT INTO [dbo].[Cities] ([Id], [CityName], [StateID]) VALUES (60, N'Otsego', 2)
INSERT INTO [dbo].[Cities] ([Id], [CityName], [StateID]) VALUES (61, N'Putnam', 2)
INSERT INTO [dbo].[Cities] ([Id], [CityName], [StateID]) VALUES (62, N'Queens', 2)
INSERT INTO [dbo].[Cities] ([Id], [CityName], [StateID]) VALUES (63, N'Rensselaer', 2)
INSERT INTO [dbo].[Cities] ([Id], [CityName], [StateID]) VALUES (64, N'Richmond', 2)
INSERT INTO [dbo].[Cities] ([Id], [CityName], [StateID]) VALUES (65, N'Rockland', 2)
INSERT INTO [dbo].[Cities] ([Id], [CityName], [StateID]) VALUES (66, N'Saint Lawrence', 2)
INSERT INTO [dbo].[Cities] ([Id], [CityName], [StateID]) VALUES (67, N'Saratoga', 2)
INSERT INTO [dbo].[Cities] ([Id], [CityName], [StateID]) VALUES (68, N'Schenectady', 2)
INSERT INTO [dbo].[Cities] ([Id], [CityName], [StateID]) VALUES (69, N'Schoharie', 2)
INSERT INTO [dbo].[Cities] ([Id], [CityName], [StateID]) VALUES (70, N'Schuyler', 2)
INSERT INTO [dbo].[Cities] ([Id], [CityName], [StateID]) VALUES (71, N'Seneca', 2)
INSERT INTO [dbo].[Cities] ([Id], [CityName], [StateID]) VALUES (72, N'Steuben', 2)
INSERT INTO [dbo].[Cities] ([Id], [CityName], [StateID]) VALUES (73, N'Suffolk', 2)
INSERT INTO [dbo].[Cities] ([Id], [CityName], [StateID]) VALUES (74, N'Sullivan', 2)
INSERT INTO [dbo].[Cities] ([Id], [CityName], [StateID]) VALUES (75, N'Tioga', 2)
INSERT INTO [dbo].[Cities] ([Id], [CityName], [StateID]) VALUES (76, N'Tompkins', 2)
INSERT INTO [dbo].[Cities] ([Id], [CityName], [StateID]) VALUES (77, N'Ulster', 2)
INSERT INTO [dbo].[Cities] ([Id], [CityName], [StateID]) VALUES (78, N'Warren', 2)
INSERT INTO [dbo].[Cities] ([Id], [CityName], [StateID]) VALUES (79, N'Washington', 2)
INSERT INTO [dbo].[Cities] ([Id], [CityName], [StateID]) VALUES (80, N'Wayne', 2)
INSERT INTO [dbo].[Cities] ([Id], [CityName], [StateID]) VALUES (81, N'Westchester', 2)
INSERT INTO [dbo].[Cities] ([Id], [CityName], [StateID]) VALUES (82, N'Wyoming', 2)
INSERT INTO [dbo].[Cities] ([Id], [CityName], [StateID]) VALUES (83, N'Yates', 2)
SET IDENTITY_INSERT [dbo].[Cities] OFF


INSERT INTO [dbo].[CarTypes] ( [Description]) VALUES ( N'Two Seat Coupe')
INSERT INTO [dbo].[CarTypes] ( [Description]) VALUES ( N'Sedan')
INSERT INTO [dbo].[CarTypes] ( [Description]) VALUES ( N'Small SUV')
INSERT INTO [dbo].[CarTypes] ( [Description]) VALUES ( N'Large SUV / MINI VAN')
INSERT INTO [dbo].[CarTypes] ( [Description]) VALUES ( N'Extra Large Vehicles')


INSERT INTO [dbo].[Services] ([Service_Name], [Service_Description], [Service_Price], [CreateDt], [CreatedBy]) VALUES (N'Regular Exterior Wash', N'Regular Exterior Wash', CAST(10.0000 AS Money), N'2015-05-26 00:00:00', N'Admin')
INSERT INTO [dbo].[Services] ([Service_Name], [Service_Description], [Service_Price], [CreateDt], [CreatedBy]) VALUES (N'Wipe Door Jams and Trunk Edges', N'Wipe Door Jams and Trunk Edges', CAST(10.0000 AS Money), N'2014-12-12 00:00:00', N'Admin')
INSERT INTO [dbo].[Services] ([Service_Name], [Service_Description], [Service_Price], [CreateDt], [CreatedBy]) VALUES (N'Clean Mirrors', N'Clean Mirrors', CAST(5.0000 AS Money), N'2015-05-26 00:00:00', N'Admin')
INSERT INTO [dbo].[Services] ([Service_Name], [Service_Description], [Service_Price], [CreateDt], [CreatedBy]) VALUES (N'Interior and Exterior Window Cleaning', N'Interior and Exterior Window Cleaning', CAST(15.0000 AS Money), N'2015-05-26 00:00:00', N'Admin')
INSERT INTO [dbo].[Services] ([Service_Name], [Service_Description], [Service_Price], [CreateDt], [CreatedBy]) VALUES (N'Clean Wheels and Tyres', N'Clean Wheels and Tyres', CAST(12.0000 AS Money), N'2015-05-26 00:00:00', N'Admin')



INSERT INTO [dbo].[Garages] ( [Garage_Name], [Garage_Address], [State], [City], [Country], [Pincode], [Latitute], [Longitude], [IsActive], [CreatedDt], [CreatedBy], [Contact_Person], [Phone_Number], [Email], [OpenTime], [CloseTime], [ServiceDays]) VALUES ( N'Icon Parking Systems', N'350 Fifth Avenue, 34th floor
New York, NY 10118-3299 USA', 1, 1, N'US', N'121212', 40.748384, -73.9854792, 1, N'2015-05-18', N'ADmin', N'Kunal', N'09860766659', N'kunal@innoator.com', N'09:00:00', N'19:00:00', N'Tuesday')
INSERT INTO [dbo].[Garages] ( [Garage_Name], [Garage_Address], [State], [City], [Country], [Pincode], [Latitute], [Longitude], [IsActive], [CreatedDt], [CreatedBy], [Contact_Person], [Phone_Number], [Email], [OpenTime], [CloseTime], [ServiceDays]) VALUES ( N'Rapid Park Industries', N'59 W 36th St
New York, NY, United States', 1, 1, N'US', N'121212', 40.751095, -73.985919, 1, N'2015-05-18', N'ADmin', N'Kunal', N'09860766659', N'kunal@innoator.com', N'09:00:00', N'19:00:00', N'Tuesday')
INSERT INTO [dbo].[Garages] ( [Garage_Name], [Garage_Address], [State], [City], [Country], [Pincode], [Latitute], [Longitude], [IsActive], [CreatedDt], [CreatedBy], [Contact_Person], [Phone_Number], [Email], [OpenTime], [CloseTime], [ServiceDays]) VALUES ( N'Imperial Parking Systems', N'1501 Lexington Ave
New York, NY, United States', 1, 1, N'US', N'121212', 40.7863301, -73.9502706, 1, N'2015-05-18', N'ADmin', N'Kunal', N'09860766659', N'kunal@innoator.com', N'09:00:00', N'19:00:00', N'Tuesday')
INSERT INTO [dbo].[Garages] ( [Garage_Name], [Garage_Address], [State], [City], [Country], [Pincode], [Latitute], [Longitude], [IsActive], [CreatedDt], [CreatedBy], [Contact_Person], [Phone_Number], [Email], [OpenTime], [CloseTime], [ServiceDays]) VALUES ( N'TGS Garages & Doors', N'Farmingdale, NJ
United States', 1, 1, N'US', N'121212', 40.1965018, -74.1684757, 1, N'2015-05-18', N'ADmin', N'Kunal', N'09860766659', N'kunal@innoator.com', N'09:00:00', N'19:00:00', N'Tuesday')
INSERT INTO [dbo].[Garages] ( [Garage_Name], [Garage_Address], [State], [City], [Country], [Pincode], [Latitute], [Longitude], [IsActive], [CreatedDt], [CreatedBy], [Contact_Person], [Phone_Number], [Email], [OpenTime], [CloseTime], [ServiceDays]) VALUES ( N'Kingston Garage', N'9 Diamond Hill Rd
Marlboro Township, NJ, United States', 1, 1, N'US', N'121212', 40.29182, -74.235146, 1, N'2015-05-18', N'ADmin', N'Kunal', N'09860766659', N'kunal@innoator.com', N'09:00:00', N'19:00:00', N'Tuesday')
INSERT INTO [dbo].[Garages] ( [Garage_Name], [Garage_Address], [State], [City], [Country], [Pincode], [Latitute], [Longitude], [IsActive], [CreatedDt], [CreatedBy], [Contact_Person], [Phone_Number], [Email], [OpenTime], [CloseTime], [ServiceDays]) VALUES (N'EncoreGarage of New Jersey', N'1151 NJ-33
Farmingdale, NJ, United States', 1, 1, N'US', N'121212', 40.2255633, -74.1754369, 1, N'2015-05-18', N'ADmin', N'Kunal', N'09860766659', N'kunal@innoator.com', N'09:00:00', N'19:00:00', N'Tuesday')
INSERT INTO [dbo].[Garages] ( [Garage_Name], [Garage_Address], [State], [City], [Country], [Pincode], [Latitute], [Longitude], [IsActive], [CreatedDt], [CreatedBy], [Contact_Person], [Phone_Number], [Email], [OpenTime], [CloseTime], [ServiceDays]) VALUES (N'EncoreGarage of New Jersey', N'843 NJ-12
Frenchtown, NJ, United States', 1, 1, N'US', N'121212', 40.5098305, -74.9672936, 1, N'2015-05-18', N'ADmin', N'Kunal', N'09860766659', N'kunal@innoator.com', N'09:00:00', N'19:00:00', N'Tuesday')
INSERT INTO [dbo].[Garages] ( [Garage_Name], [Garage_Address], [State], [City], [Country], [Pincode], [Latitute], [Longitude], [IsActive], [CreatedDt], [CreatedBy], [Contact_Person], [Phone_Number], [Email], [OpenTime], [CloseTime], [ServiceDays]) VALUES (N'Garage Floor Coating of New Jersey', N'420 Benigno Blvd
Bellmawr, NJ, United States', 1, 1, N'US', N'121212', 39.8587001, -75.095471, 1, N'2015-05-18', N'ADmin', N'Kunal', N'09860766659', N'kunal@innoator.com', N'09:00:00', N'19:00:00', N'Tuesday')
INSERT INTO [dbo].[Garages] ( [Garage_Name], [Garage_Address], [State], [City], [Country], [Pincode], [Latitute], [Longitude], [IsActive], [CreatedDt], [CreatedBy], [Contact_Person], [Phone_Number], [Email], [OpenTime], [CloseTime], [ServiceDays]) VALUES (N'New Jersey Garage Sales', N'4 Tamarack Ln
Pine Brook, NJ, United States', 1, 1, N'US', N'121212', 40.8663167, -74.3342012, 1, N'2015-05-18', N'ADmin', N'Kunal', N'09860766659', N'kunal@innoator.com', N'09:00:00', N'19:00:00', N'Tuesday')


SET IDENTITY_INSERT [dbo].[Packages] ON
INSERT INTO [dbo].[Packages] ([PackageId], [Package_Name], [Package_Description], [CarTypeId], [Package_Price], [CreateDt], [CreatedBy]) VALUES (1, N'Basic Wash', N'This is Basic PAckage', 1, CAST(12.0000 AS Money), N'2015-06-18 18:54:57', N'Admin')
INSERT INTO [dbo].[Packages] ([PackageId], [Package_Name], [Package_Description], [CarTypeId], [Package_Price], [CreateDt], [CreatedBy]) VALUES (2, N'GOLD', N'This is Basic PAckage', 1, CAST(50.0000 AS Money), N'2015-06-18 18:55:15', N'Admin')
INSERT INTO [dbo].[Packages] ([PackageId], [Package_Name], [Package_Description], [CarTypeId], [Package_Price], [CreateDt], [CreatedBy]) VALUES (3, N'Complete', N'This is Basic PAckage', 1, CAST(55.9900 AS Money), N'2015-06-18 18:55:35', N'Admin')
INSERT INTO [dbo].[Packages] ([PackageId], [Package_Name], [Package_Description], [CarTypeId], [Package_Price], [CreateDt], [CreatedBy]) VALUES (4, N'Basic wash', N'Basic Wash for sedan', 2, CAST(20.0000 AS Money), N'2015-06-28 10:48:31', N'Admin')
INSERT INTO [dbo].[Packages] ([PackageId], [Package_Name], [Package_Description], [CarTypeId], [Package_Price], [CreateDt], [CreatedBy]) VALUES (5, N'Basic Wash', N'Basic wash for Small SUV', 3, CAST(20.0000 AS Money), N'2015-06-28 10:48:53', N'Admin')
INSERT INTO [dbo].[Packages] ([PackageId], [Package_Name], [Package_Description], [CarTypeId], [Package_Price], [CreateDt], [CreatedBy]) VALUES (6, N'Basic Wash', N'Basic Wash for  SUV', 4, CAST(50.0000 AS Money), N'2015-06-28 10:49:14', N'Admin')
INSERT INTO [dbo].[Packages] ([PackageId], [Package_Name], [Package_Description], [CarTypeId], [Package_Price], [CreateDt], [CreatedBy]) VALUES (7, N'Basic ', N'Basic Wash for Extra Large Vehicles', 5, CAST(55.9900 AS Money), N'2015-06-28 10:49:38', N'Admin')
SET IDENTITY_INSERT [dbo].[Packages] OFF

SET IDENTITY_INSERT [dbo].[Package_Services] ON
INSERT INTO [dbo].[Package_Services] ([PackageServiceId], [PackageID], [ServiceID]) VALUES (1, 1, 1)
INSERT INTO [dbo].[Package_Services] ([PackageServiceId], [PackageID], [ServiceID]) VALUES (2, 1, 2)
INSERT INTO [dbo].[Package_Services] ([PackageServiceId], [PackageID], [ServiceID]) VALUES (3, 2, 1)
INSERT INTO [dbo].[Package_Services] ([PackageServiceId], [PackageID], [ServiceID]) VALUES (4, 2, 2)
INSERT INTO [dbo].[Package_Services] ([PackageServiceId], [PackageID], [ServiceID]) VALUES (5, 2, 3)
INSERT INTO [dbo].[Package_Services] ([PackageServiceId], [PackageID], [ServiceID]) VALUES (6, 3, 1)
INSERT INTO [dbo].[Package_Services] ([PackageServiceId], [PackageID], [ServiceID]) VALUES (7, 3, 2)
INSERT INTO [dbo].[Package_Services] ([PackageServiceId], [PackageID], [ServiceID]) VALUES (8, 3, 3)
INSERT INTO [dbo].[Package_Services] ([PackageServiceId], [PackageID], [ServiceID]) VALUES (9, 3, 4)
INSERT INTO [dbo].[Package_Services] ([PackageServiceId], [PackageID], [ServiceID]) VALUES (10, 3, 5)
INSERT INTO [dbo].[Package_Services] ([PackageServiceId], [PackageID], [ServiceID]) VALUES (11, 4, 1)
INSERT INTO [dbo].[Package_Services] ([PackageServiceId], [PackageID], [ServiceID]) VALUES (12, 4, 2)
INSERT INTO [dbo].[Package_Services] ([PackageServiceId], [PackageID], [ServiceID]) VALUES (13, 5, 1)
INSERT INTO [dbo].[Package_Services] ([PackageServiceId], [PackageID], [ServiceID]) VALUES (14, 5, 2)
INSERT INTO [dbo].[Package_Services] ([PackageServiceId], [PackageID], [ServiceID]) VALUES (15, 6, 1)
INSERT INTO [dbo].[Package_Services] ([PackageServiceId], [PackageID], [ServiceID]) VALUES (16, 6, 2)
INSERT INTO [dbo].[Package_Services] ([PackageServiceId], [PackageID], [ServiceID]) VALUES (17, 7, 1)
INSERT INTO [dbo].[Package_Services] ([PackageServiceId], [PackageID], [ServiceID]) VALUES (18, 7, 2)
INSERT INTO [dbo].[Package_Services] ([PackageServiceId], [PackageID], [ServiceID]) VALUES (19, 7, 3)
SET IDENTITY_INSERT [dbo].[Package_Services] OFF


INSERT INTO [dbo].[AspNetRoles] ([Id], [Name]) VALUES (N'aba48f7f-d1e2-4672-a6e1-6de571fb5b64', N'Admin')
INSERT INTO [dbo].[AspNetRoles] ([Id], [Name]) VALUES (N'75c90dfb-5324-4e77-b09d-ee3a4aa0fcba', N'Crew Admin')
INSERT INTO [dbo].[AspNetRoles] ([Id], [Name]) VALUES (N'9c7e12a2-3726-423f-a408-c2c189b02ac2', N'Users')
INSERT INTO [dbo].[AspNetRoles] ([Id], [Name]) VALUES (N'75c90dfb-5324-4e77-b09d-ee3a4aa0fcbc', N'Crew Member')


INSERT INTO [dbo].[AspNetUsers] ([Id], [Email], [EmailConfirmed], [PasswordHash], [SecurityStamp], [PhoneNumber], [PhoneNumberConfirmed], [TwoFactorEnabled], [LockoutEndDateUtc], [LockoutEnabled], [AccessFailedCount], [UserName], [FirstName], [LastName], [DateofBirth], [Address], [State], [City], [Pincode], [Balance]) VALUES (N'5bd22f33-9887-4f00-accc-64658edabc0f', N'admin@greenpro.com', 1, N'AHjwD5ceY39YQyLd/wI8Yvn7m2ebw7jl8fXwr0jcoWaXp2S6RN/kNwNfXj7I+IjbfA==', N'f7720742-ace0-48af-833b-469a87a9bfae', NULL, 0, 0, NULL, 0, 0, N'admin@greenpro.com', N'Admin', N'GreenPro', N'1960-01-01', N'dsfs', 1, 1, N'1212222', 0)
INSERT INTO [dbo].[AspNetUsers] ([Id], [Email], [EmailConfirmed], [PasswordHash], [SecurityStamp], [PhoneNumber], [PhoneNumberConfirmed], [TwoFactorEnabled], [LockoutEndDateUtc], [LockoutEnabled], [AccessFailedCount], [UserName], [FirstName], [LastName], [DateofBirth], [Address], [State], [City], [Pincode], [Balance]) VALUES (N'92df0f69-fcbe-434c-a848-4df405004e89', N'user@greenpro.com', 1, N'AMmpRWfdFhqPJmZpUqr/hjLlr4AoZheAep+whumwQ5oP9YdE80eWG3EbKH3WhKj5xg==', N'30ad84bd-7bb5-4fb9-a7c5-099e209306ae', NULL, 0, 0, NULL, 0, 0, N'user@greenpro.com', N'User', N'GreenPRo', N'1960-01-01', N'3909 Witmer Road.
Niagara Falls, NY 14305', 2, 22, N'123456', 0)

INSERT INTO [dbo].[AspNetUserRoles] ([UserId], [RoleId]) VALUES (N'92df0f69-fcbe-434c-a848-4df405004e89', N'9c7e12a2-3726-423f-a408-c2c189b02ac2')
INSERT INTO [dbo].[AspNetUserRoles] ([UserId], [RoleId]) VALUES (N'5bd22f33-9887-4f00-accc-64658edabc0f', N'aba48f7f-d1e2-4672-a6e1-6de571fb5b64')

GO

GO
PRINT N'Checking existing data against newly created constraints';


GO
USE [$(DatabaseName)];


GO
ALTER TABLE [dbo].[GarageMaxCars] WITH CHECK CHECK CONSTRAINT [FK_GarageMaxCars_Garages];


GO
PRINT N'Update complete.';


GO
