/*
Deployment script for GreenPro.Database

This code was generated by a tool.
Changes to this file may cause incorrect behavior and will be lost if
the code is regenerated.
*/

GO
SET ANSI_NULLS, ANSI_PADDING, ANSI_WARNINGS, ARITHABORT, CONCAT_NULL_YIELDS_NULL, QUOTED_IDENTIFIER ON;

SET NUMERIC_ROUNDABORT OFF;


GO
:setvar DatabaseName "GreenPro.Database"
:setvar DefaultFilePrefix "GreenPro.Database"
:setvar DefaultDataPath "C:\Users\kunal.kunal-PC\AppData\Local\Microsoft\Microsoft SQL Server Local DB\Instances\MSSQLLocalDB"
:setvar DefaultLogPath "C:\Users\kunal.kunal-PC\AppData\Local\Microsoft\Microsoft SQL Server Local DB\Instances\MSSQLLocalDB"

GO
:on error exit
GO
/*
Detect SQLCMD mode and disable script execution if SQLCMD mode is not supported.
To re-enable the script after enabling SQLCMD mode, execute the following:
SET NOEXEC OFF; 
*/
:setvar __IsSqlCmdEnabled "True"
GO
IF N'$(__IsSqlCmdEnabled)' NOT LIKE N'True'
    BEGIN
        PRINT N'SQLCMD mode must be enabled to successfully execute this script.';
        SET NOEXEC ON;
    END


GO
USE [master];


GO

IF (DB_ID(N'$(DatabaseName)') IS NOT NULL) 
BEGIN
    ALTER DATABASE [$(DatabaseName)]
    SET SINGLE_USER WITH ROLLBACK IMMEDIATE;
    DROP DATABASE [$(DatabaseName)];
END

GO
PRINT N'Creating $(DatabaseName)...'
GO
CREATE DATABASE [$(DatabaseName)]
    ON 
    PRIMARY(NAME = [$(DatabaseName)], FILENAME = N'$(DefaultDataPath)$(DefaultFilePrefix)_Primary.mdf')
    LOG ON (NAME = [$(DatabaseName)_log], FILENAME = N'$(DefaultLogPath)$(DefaultFilePrefix)_Primary.ldf') COLLATE SQL_Latin1_General_CP1_CI_AS
GO
IF EXISTS (SELECT 1
           FROM   [master].[dbo].[sysdatabases]
           WHERE  [name] = N'$(DatabaseName)')
    BEGIN
        ALTER DATABASE [$(DatabaseName)]
            SET ANSI_NULLS ON,
                ANSI_PADDING ON,
                ANSI_WARNINGS ON,
                ARITHABORT ON,
                CONCAT_NULL_YIELDS_NULL ON,
                NUMERIC_ROUNDABORT OFF,
                QUOTED_IDENTIFIER ON,
                ANSI_NULL_DEFAULT ON,
                CURSOR_DEFAULT LOCAL,
                CURSOR_CLOSE_ON_COMMIT OFF,
                AUTO_CREATE_STATISTICS ON,
                AUTO_SHRINK OFF,
                AUTO_UPDATE_STATISTICS ON,
                RECURSIVE_TRIGGERS OFF 
            WITH ROLLBACK IMMEDIATE;
        ALTER DATABASE [$(DatabaseName)]
            SET AUTO_CLOSE OFF 
            WITH ROLLBACK IMMEDIATE;
    END


GO
IF EXISTS (SELECT 1
           FROM   [master].[dbo].[sysdatabases]
           WHERE  [name] = N'$(DatabaseName)')
    BEGIN
        ALTER DATABASE [$(DatabaseName)]
            SET ALLOW_SNAPSHOT_ISOLATION OFF;
    END


GO
IF EXISTS (SELECT 1
           FROM   [master].[dbo].[sysdatabases]
           WHERE  [name] = N'$(DatabaseName)')
    BEGIN
        ALTER DATABASE [$(DatabaseName)]
            SET READ_COMMITTED_SNAPSHOT OFF 
            WITH ROLLBACK IMMEDIATE;
    END


GO
IF EXISTS (SELECT 1
           FROM   [master].[dbo].[sysdatabases]
           WHERE  [name] = N'$(DatabaseName)')
    BEGIN
        ALTER DATABASE [$(DatabaseName)]
            SET AUTO_UPDATE_STATISTICS_ASYNC OFF,
                PAGE_VERIFY NONE,
                DATE_CORRELATION_OPTIMIZATION OFF,
                DISABLE_BROKER,
                PARAMETERIZATION SIMPLE,
                SUPPLEMENTAL_LOGGING OFF 
            WITH ROLLBACK IMMEDIATE;
    END


GO
IF IS_SRVROLEMEMBER(N'sysadmin') = 1
    BEGIN
        IF EXISTS (SELECT 1
                   FROM   [master].[dbo].[sysdatabases]
                   WHERE  [name] = N'$(DatabaseName)')
            BEGIN
                EXECUTE sp_executesql N'ALTER DATABASE [$(DatabaseName)]
    SET TRUSTWORTHY OFF,
        DB_CHAINING OFF 
    WITH ROLLBACK IMMEDIATE';
            END
    END
ELSE
    BEGIN
        PRINT N'The database settings cannot be modified. You must be a SysAdmin to apply these settings.';
    END


GO
IF IS_SRVROLEMEMBER(N'sysadmin') = 1
    BEGIN
        IF EXISTS (SELECT 1
                   FROM   [master].[dbo].[sysdatabases]
                   WHERE  [name] = N'$(DatabaseName)')
            BEGIN
                EXECUTE sp_executesql N'ALTER DATABASE [$(DatabaseName)]
    SET HONOR_BROKER_PRIORITY OFF 
    WITH ROLLBACK IMMEDIATE';
            END
    END
ELSE
    BEGIN
        PRINT N'The database settings cannot be modified. You must be a SysAdmin to apply these settings.';
    END


GO
ALTER DATABASE [$(DatabaseName)]
    SET TARGET_RECOVERY_TIME = 0 SECONDS 
    WITH ROLLBACK IMMEDIATE;


GO
IF EXISTS (SELECT 1
           FROM   [master].[dbo].[sysdatabases]
           WHERE  [name] = N'$(DatabaseName)')
    BEGIN
        ALTER DATABASE [$(DatabaseName)]
            SET FILESTREAM(NON_TRANSACTED_ACCESS = OFF),
                CONTAINMENT = NONE 
            WITH ROLLBACK IMMEDIATE;
    END


GO
IF EXISTS (SELECT 1
           FROM   [master].[dbo].[sysdatabases]
           WHERE  [name] = N'$(DatabaseName)')
    BEGIN
        ALTER DATABASE [$(DatabaseName)]
            SET AUTO_CREATE_STATISTICS ON(INCREMENTAL = OFF),
                MEMORY_OPTIMIZED_ELEVATE_TO_SNAPSHOT = OFF,
                DELAYED_DURABILITY = DISABLED 
            WITH ROLLBACK IMMEDIATE;
    END


GO
USE [$(DatabaseName)];


GO
IF fulltextserviceproperty(N'IsFulltextInstalled') = 1
    EXECUTE sp_fulltext_database 'enable';


GO
PRINT N'Creating [dbo].[AdhocUserPackages]...';


GO
CREATE TABLE [dbo].[AdhocUserPackages] (
    [Id]                INT            IDENTITY (1, 1) NOT NULL,
    [UserId]            NVARCHAR (128) NOT NULL,
    [PackageId]         INT            NOT NULL,
    [CarId]             INT            NOT NULL,
    [SubscribedDate]    DATETIME       NOT NULL,
    [ActualPrice]       MONEY          NOT NULL,
    [TotalPrice]        MONEY          NOT NULL,
    [PriceWithAddOns]   MONEY          NOT NULL,
    [DiscountPrice]     MONEY          NOT NULL,
    [Ipaddress]         NVARCHAR (20)  NULL,
    [CreatedDt]         DATETIME       NOT NULL,
    [ExistingPackageId] INT            NOT NULL,
    [PaymentRecieved]   BIT            NOT NULL,
    [Processed]         BIT            NOT NULL,
    [TaxAmount]         MONEY          NOT NULL,
    [TipAmount]         MONEY          NOT NULL,
    PRIMARY KEY CLUSTERED ([Id] ASC)
);


GO
PRINT N'Creating [dbo].[AdhocUserPackagesAddons]...';


GO
CREATE TABLE [dbo].[AdhocUserPackagesAddons] (
    [Id]            INT      IDENTITY (1, 1) NOT NULL,
    [UserPackageID] INT      NOT NULL,
    [ServiceID]     INT      NOT NULL,
    [ActualPrice]   MONEY    NOT NULL,
    [DiscountPrice] MONEY    NOT NULL,
    [CreatedDt]     DATETIME NULL,
    PRIMARY KEY CLUSTERED ([Id] ASC)
);


GO
PRINT N'Creating [dbo].[AspNetRoles]...';


GO
CREATE TABLE [dbo].[AspNetRoles] (
    [Id]   NVARCHAR (128) NOT NULL,
    [Name] NVARCHAR (256) NOT NULL,
    CONSTRAINT [PK_dbo.AspNetRoles] PRIMARY KEY CLUSTERED ([Id] ASC)
);


GO
PRINT N'Creating [dbo].[AspNetRoles].[RoleNameIndex]...';


GO
CREATE UNIQUE NONCLUSTERED INDEX [RoleNameIndex]
    ON [dbo].[AspNetRoles]([Name] ASC);


GO
PRINT N'Creating [dbo].[AspNetUserClaims]...';


GO
CREATE TABLE [dbo].[AspNetUserClaims] (
    [Id]         INT            IDENTITY (1, 1) NOT NULL,
    [UserId]     NVARCHAR (128) NOT NULL,
    [ClaimType]  NVARCHAR (MAX) NULL,
    [ClaimValue] NVARCHAR (MAX) NULL,
    CONSTRAINT [PK_dbo.AspNetUserClaims] PRIMARY KEY CLUSTERED ([Id] ASC)
);


GO
PRINT N'Creating [dbo].[AspNetUserClaims].[IX_UserId]...';


GO
CREATE NONCLUSTERED INDEX [IX_UserId]
    ON [dbo].[AspNetUserClaims]([UserId] ASC);


GO
PRINT N'Creating [dbo].[AspNetUserLogins]...';


GO
CREATE TABLE [dbo].[AspNetUserLogins] (
    [LoginProvider] NVARCHAR (128) NOT NULL,
    [ProviderKey]   NVARCHAR (128) NOT NULL,
    [UserId]        NVARCHAR (128) NOT NULL,
    CONSTRAINT [PK_dbo.AspNetUserLogins] PRIMARY KEY CLUSTERED ([LoginProvider] ASC, [ProviderKey] ASC, [UserId] ASC)
);


GO
PRINT N'Creating [dbo].[AspNetUserLogins].[IX_UserId]...';


GO
CREATE NONCLUSTERED INDEX [IX_UserId]
    ON [dbo].[AspNetUserLogins]([UserId] ASC);


GO
PRINT N'Creating [dbo].[AspNetUserRoles]...';


GO
CREATE TABLE [dbo].[AspNetUserRoles] (
    [UserId] NVARCHAR (128) NOT NULL,
    [RoleId] NVARCHAR (128) NOT NULL,
    CONSTRAINT [PK_dbo.AspNetUserRoles] PRIMARY KEY CLUSTERED ([UserId] ASC, [RoleId] ASC)
);


GO
PRINT N'Creating [dbo].[AspNetUserRoles].[IX_UserId]...';


GO
CREATE NONCLUSTERED INDEX [IX_UserId]
    ON [dbo].[AspNetUserRoles]([UserId] ASC);


GO
PRINT N'Creating [dbo].[AspNetUserRoles].[IX_RoleId]...';


GO
CREATE NONCLUSTERED INDEX [IX_RoleId]
    ON [dbo].[AspNetUserRoles]([RoleId] ASC);


GO
PRINT N'Creating [dbo].[AspNetUsers]...';


GO
CREATE TABLE [dbo].[AspNetUsers] (
    [Id]                   NVARCHAR (128) NOT NULL,
    [Email]                NVARCHAR (256) NULL,
    [EmailConfirmed]       BIT            NOT NULL,
    [PasswordHash]         NVARCHAR (MAX) NULL,
    [SecurityStamp]        NVARCHAR (MAX) NULL,
    [PhoneNumber]          NVARCHAR (MAX) NULL,
    [PhoneNumberConfirmed] BIT            NOT NULL,
    [TwoFactorEnabled]     BIT            NOT NULL,
    [LockoutEndDateUtc]    DATETIME       NULL,
    [LockoutEnabled]       BIT            NOT NULL,
    [AccessFailedCount]    INT            NOT NULL,
    [UserName]             NVARCHAR (256) NOT NULL,
    [FirstName]            NVARCHAR (50)  NOT NULL,
    [LastName]             NVARCHAR (50)  NOT NULL,
    [DateofBirth]          DATE           NOT NULL,
    [Address]              NVARCHAR (512) NOT NULL,
    [State]                INT            NOT NULL,
    [City]                 INT            NOT NULL,
    [Pincode]              NVARCHAR (20)  NOT NULL,
    [Balance]              INT            NOT NULL,
    CONSTRAINT [PK_dbo.AspNetUsers] PRIMARY KEY CLUSTERED ([Id] ASC)
);


GO
PRINT N'Creating [dbo].[AspNetUsers].[UserNameIndex]...';


GO
CREATE UNIQUE NONCLUSTERED INDEX [UserNameIndex]
    ON [dbo].[AspNetUsers]([UserName] ASC);


GO
PRINT N'Creating [dbo].[AutomaticPayments]...';


GO
CREATE TABLE [dbo].[AutomaticPayments] (
    [Id]                 INT            IDENTITY (1, 1) NOT NULL,
    [UserID]             NVARCHAR (155) NULL,
    [UserPackageID]      INT            NULL,
    [TotalAmount]        MONEY          NULL,
    [Remarks]            NVARCHAR (255) NULL,
    [TransactionDate]    DATETIME       NULL,
    [PaypalBillingID]    NVARCHAR (50)  NULL,
    [PayPalECToken]      NVARCHAR (50)  NULL,
    [AdhocUserPackageID] INT            NULL,
    PRIMARY KEY CLUSTERED ([Id] ASC)
);


GO
PRINT N'Creating [dbo].[CarServiceEntries]...';


GO
CREATE TABLE [dbo].[CarServiceEntries] (
    [Id]         INT            NOT NULL,
    [CarOwnerId] NVARCHAR (128) NOT NULL,
    [CarId]      INT            NOT NULL,
    [WorkerId]   NVARCHAR (128) NOT NULL,
    [PackageId]  INT            NOT NULL,
    [Comments]   NVARCHAR (MAX) NULL,
    PRIMARY KEY CLUSTERED ([Id] ASC)
);


GO
PRINT N'Creating [dbo].[CarTypes]...';


GO
CREATE TABLE [dbo].[CarTypes] (
    [Id]          INT           IDENTITY (1, 1) NOT NULL,
    [Description] NVARCHAR (50) NOT NULL,
    PRIMARY KEY CLUSTERED ([Id] ASC)
);


GO
PRINT N'Creating [dbo].[CarUsers]...';


GO
CREATE TABLE [dbo].[CarUsers] (
    [CarId]         INT            IDENTITY (1, 1) NOT NULL,
    [DisplayName]   NVARCHAR (50)  NOT NULL,
    [Make]          NVARCHAR (50)  NOT NULL,
    [LicenseNumber] NVARCHAR (50)  NOT NULL,
    [Color]         NVARCHAR (50)  NULL,
    [Type]          INT            NOT NULL,
    [PurchaseYear]  INT            NOT NULL,
    [UserId]        NVARCHAR (128) NULL,
    [AutoRenewal]   BIT            NOT NULL,
    [IsDeleted]     BIT            NOT NULL,
    [GarageId]      INT            NULL,
    PRIMARY KEY CLUSTERED ([CarId] ASC)
);


GO
PRINT N'Creating [dbo].[Cities]...';


GO
CREATE TABLE [dbo].[Cities] (
    [Id]       INT            IDENTITY (1, 1) NOT NULL,
    [CityName] NVARCHAR (100) NULL,
    [StateID]  INT            NULL,
    PRIMARY KEY CLUSTERED ([Id] ASC)
);


GO
PRINT N'Creating [dbo].[CrewAdminMember]...';


GO
CREATE TABLE [dbo].[CrewAdminMember] (
    [Id]           INT            IDENTITY (1, 1) NOT NULL,
    [CrewMemberId] NVARCHAR (128) NOT NULL,
    [CrewAdminId]  NVARCHAR (128) NOT NULL,
    PRIMARY KEY CLUSTERED ([Id] ASC)
);


GO
PRINT N'Creating [dbo].[Garages]...';


GO
CREATE TABLE [dbo].[Garages] (
    [GarageId]       INT            IDENTITY (1, 1) NOT NULL,
    [Garage_Name]    NVARCHAR (100) NOT NULL,
    [Garage_Address] NVARCHAR (255) NOT NULL,
    [State]          INT            NOT NULL,
    [City]           INT            NOT NULL,
    [Country]        NVARCHAR (50)  NOT NULL,
    [Pincode]        NVARCHAR (10)  NOT NULL,
    [Latitute]       FLOAT (53)     NOT NULL,
    [Longitude]      FLOAT (53)     NOT NULL,
    [IsActive]       BIT            NULL,
    [CreatedDt]      DATE           NOT NULL,
    [CreatedBy]      NVARCHAR (50)  NOT NULL,
    [Contact_Person] NVARCHAR (100) NOT NULL,
    [Phone_Number]   NVARCHAR (50)  NOT NULL,
    [Email]          NVARCHAR (100) NOT NULL,
    [OpenTime]       TIME (7)       NULL,
    [CloseTime]      TIME (7)       NOT NULL,
    [ServiceDays]    NVARCHAR (50)  NOT NULL,
    PRIMARY KEY CLUSTERED ([GarageId] ASC)
);


GO
PRINT N'Creating [dbo].[GarrageWeekday]...';


GO
CREATE TABLE [dbo].[GarrageWeekday] (
    [Id]        INT IDENTITY (1, 1) NOT NULL,
    [GarrageId] INT NOT NULL,
    [WeekdayId] INT NOT NULL,
    PRIMARY KEY CLUSTERED ([Id] ASC)
);


GO
PRINT N'Creating [dbo].[LeaderMember]...';


GO
CREATE TABLE [dbo].[LeaderMember] (
    [CrewLeaderID] NVARCHAR (128) NOT NULL,
    [CrewMemberID] NVARCHAR (128) NOT NULL
);


GO
PRINT N'Creating [dbo].[LogDetailCarSide]...';


GO
CREATE TABLE [dbo].[LogDetailCarSide] (
    [Id]          INT            IDENTITY (1, 1) NOT NULL,
    [Description] NVARCHAR (200) NOT NULL,
    PRIMARY KEY CLUSTERED ([Id] ASC)
);


GO
PRINT N'Creating [dbo].[Logs]...';


GO
CREATE TABLE [dbo].[Logs] (
    [Id]             INT            IDENTITY (1, 1) NOT NULL,
    [source]         NVARCHAR (256) NULL,
    [InnerException] NTEXT          NULL,
    [StackStrace]    NTEXT          NULL,
    [Message]        NTEXT          NULL,
    [LogDate]        DATETIME       NULL,
    PRIMARY KEY CLUSTERED ([Id] ASC)
);


GO
PRINT N'Creating [dbo].[Package_Services]...';


GO
CREATE TABLE [dbo].[Package_Services] (
    [PackageServiceId] INT IDENTITY (1, 1) NOT NULL,
    [PackageID]        INT NOT NULL,
    [ServiceID]        INT NOT NULL,
    PRIMARY KEY CLUSTERED ([PackageServiceId] ASC)
);


GO
PRINT N'Creating [dbo].[Packages]...';


GO
CREATE TABLE [dbo].[Packages] (
    [PackageId]           INT            IDENTITY (1, 1) NOT NULL,
    [Package_Name]        NVARCHAR (100) NOT NULL,
    [Package_Description] NVARCHAR (255) NOT NULL,
    [CarTypeId]           INT            NOT NULL,
    [Package_Price]       MONEY          NOT NULL,
    [CreateDt]            DATETIME       NOT NULL,
    [CreatedBy]           NVARCHAR (50)  NOT NULL,
    PRIMARY KEY CLUSTERED ([PackageId] ASC)
);


GO
PRINT N'Creating [dbo].[PayPalLogs]...';


GO
CREATE TABLE [dbo].[PayPalLogs] (
    [LogId]               INT            IDENTITY (1, 1) NOT NULL,
    [UserId]              NVARCHAR (50)  NULL,
    [ApiSatus]            NVARCHAR (50)  NULL,
    [ResponseError]       NVARCHAR (256) NULL,
    [ResponseRedirectURL] NVARCHAR (100) NULL,
    [ECToken]             NVARCHAR (100) NULL,
    [BillingAggrementID]  NVARCHAR (100) NULL,
    [TimeStamp]           VARCHAR (50)   NULL,
    [CorrelationID]       VARCHAR (50)   NULL,
    [ACK]                 VARCHAR (50)   NULL,
    [ServerDate]          DATETIME       NULL,
    [SubscriptionID]      INT            NULL,
    PRIMARY KEY CLUSTERED ([LogId] ASC)
);


GO
PRINT N'Creating [dbo].[Services]...';


GO
CREATE TABLE [dbo].[Services] (
    [ServiceID]           INT            IDENTITY (1, 1) NOT NULL,
    [Service_Name]        NVARCHAR (100) NOT NULL,
    [Service_Description] NVARCHAR (200) NOT NULL,
    [Service_Price]       MONEY          NOT NULL,
    [CreateDt]            DATETIME       NOT NULL,
    [CreatedBy]           NVARCHAR (50)  NOT NULL,
    PRIMARY KEY CLUSTERED ([ServiceID] ASC)
);


GO
PRINT N'Creating [dbo].[States]...';


GO
CREATE TABLE [dbo].[States] (
    [Id]        INT            IDENTITY (1, 1) NOT NULL,
    [StateName] NVARCHAR (100) NULL,
    PRIMARY KEY CLUSTERED ([Id] ASC)
);


GO
PRINT N'Creating [dbo].[Tax]...';


GO
CREATE TABLE [dbo].[Tax] (
    [Id]            INT            IDENTITY (1, 1) NOT NULL,
    [Type]          NVARCHAR (50)  NOT NULL,
    [TaxPercentage] NUMERIC (4, 2) NOT NULL,
    PRIMARY KEY CLUSTERED ([Id] ASC)
);


GO
PRINT N'Creating [dbo].[UserPackages]...';


GO
CREATE TABLE [dbo].[UserPackages] (
    [Id]                  INT            IDENTITY (1, 1) NOT NULL,
    [UserId]              NVARCHAR (128) NOT NULL,
    [PackageId]           INT            NOT NULL,
    [CarId]               INT            NOT NULL,
    [SubscribedDate]      DATETIME       NOT NULL,
    [ActualPrice]         MONEY          NOT NULL,
    [TotalPrice]          MONEY          NOT NULL,
    [PriceWithAddOns]     MONEY          NOT NULL,
    [DiscountPrice]       MONEY          NOT NULL,
    [Ipaddress]           NVARCHAR (20)  NULL,
    [CreatedDt]           DATETIME       NOT NULL,
    [PaymentRecieved]     BIT            NOT NULL,
    [Processed]           BIT            NOT NULL,
    [TaxAmount]           MONEY          NOT NULL,
    [TipAmount]           MONEY          NOT NULL,
    [SubscriptionEndDate] DATETIME       NULL,
    PRIMARY KEY CLUSTERED ([Id] ASC)
);


GO
PRINT N'Creating [dbo].[UserPackagesAddons]...';


GO
CREATE TABLE [dbo].[UserPackagesAddons] (
    [Id]            INT      IDENTITY (1, 1) NOT NULL,
    [UserPackageID] INT      NOT NULL,
    [ServiceID]     INT      NOT NULL,
    [ActualPrice]   MONEY    NOT NULL,
    [DiscountPrice] MONEY    NOT NULL,
    [CreatedDt]     DATETIME NULL,
    PRIMARY KEY CLUSTERED ([Id] ASC)
);


GO
PRINT N'Creating [dbo].[UserTransactions]...';


GO
CREATE TABLE [dbo].[UserTransactions] (
    [Id]              INT             IDENTITY (1, 1) NOT NULL,
    [TransactionDate] DATETIME        NOT NULL,
    [Amount]          NUMERIC (18, 2) NOT NULL,
    [PackageId]       INT             NULL,
    [PaypalId]        NVARCHAR (50)   NOT NULL,
    [Details]         NVARCHAR (MAX)  NOT NULL,
    [Userid]          NVARCHAR (128)  NOT NULL,
    PRIMARY KEY CLUSTERED ([Id] ASC)
);


GO
PRINT N'Creating [dbo].[Weekdays]...';


GO
CREATE TABLE [dbo].[Weekdays] (
    [Id]          INT           IDENTITY (1, 1) NOT NULL,
    [Description] NVARCHAR (50) NOT NULL,
    PRIMARY KEY CLUSTERED ([Id] ASC)
);


GO
PRINT N'Creating [dbo].[WorkDone]...';


GO
CREATE TABLE [dbo].[WorkDone] (
    [Id]               INT            IDENTITY (1, 1) NOT NULL,
    [CrewAdminId]      NVARCHAR (128) NOT NULL,
    [CrewMemberId]     NVARCHAR (128) NOT NULL,
    [UserId]           NVARCHAR (128) NOT NULL,
    [PackageId]        INT            NOT NULL,
    [StartTimeStamp]   DATETIME       NULL,
    [EndTimeStamp]     DATETIME       NULL,
    [IsCompleted]      BIT            NOT NULL,
    [CreatedTimeStamp] DATETIME       NULL,
    PRIMARY KEY CLUSTERED ([Id] ASC)
);


GO
PRINT N'Creating [dbo].[WorkerGarages]...';


GO
CREATE TABLE [dbo].[WorkerGarages] (
    [Id]           INT            IDENTITY (1, 1) NOT NULL,
    [CrewLeaderId] NVARCHAR (128) NOT NULL,
    [GarageID]     INT            NOT NULL,
    [IsActive]     BIT            NOT NULL,
    PRIMARY KEY CLUSTERED ([Id] ASC)
);


GO
PRINT N'Creating [dbo].[WorkLogDetails]...';


GO
CREATE TABLE [dbo].[WorkLogDetails] (
    [Id]         INT            IDENTITY (1, 1) NOT NULL,
    [Comment]    NVARCHAR (MAX) NOT NULL,
    [SideId]     INT            NOT NULL,
    [PrePost]    NVARCHAR (50)  NOT NULL,
    [ImageRef]   NVARCHAR (MAX) NOT NULL,
    [WorkDoneId] INT            NOT NULL,
    PRIMARY KEY CLUSTERED ([Id] ASC)
);


GO
PRINT N'Creating unnamed constraint on [dbo].[AdhocUserPackages]...';


GO
ALTER TABLE [dbo].[AdhocUserPackages]
    ADD DEFAULT 0 FOR [PaymentRecieved];


GO
PRINT N'Creating unnamed constraint on [dbo].[AdhocUserPackages]...';


GO
ALTER TABLE [dbo].[AdhocUserPackages]
    ADD DEFAULT 0 FOR [Processed];


GO
PRINT N'Creating unnamed constraint on [dbo].[AdhocUserPackages]...';


GO
ALTER TABLE [dbo].[AdhocUserPackages]
    ADD DEFAULT 0 FOR [TaxAmount];


GO
PRINT N'Creating unnamed constraint on [dbo].[AdhocUserPackages]...';


GO
ALTER TABLE [dbo].[AdhocUserPackages]
    ADD DEFAULT 0 FOR [TipAmount];


GO
PRINT N'Creating unnamed constraint on [dbo].[AspNetUsers]...';


GO
ALTER TABLE [dbo].[AspNetUsers]
    ADD DEFAULT 0 FOR [Balance];


GO
PRINT N'Creating unnamed constraint on [dbo].[CarUsers]...';


GO
ALTER TABLE [dbo].[CarUsers]
    ADD DEFAULT 0 FOR [AutoRenewal];


GO
PRINT N'Creating unnamed constraint on [dbo].[CarUsers]...';


GO
ALTER TABLE [dbo].[CarUsers]
    ADD DEFAULT 0 FOR [IsDeleted];


GO
PRINT N'Creating unnamed constraint on [dbo].[UserPackages]...';


GO
ALTER TABLE [dbo].[UserPackages]
    ADD DEFAULT 0 FOR [PaymentRecieved];


GO
PRINT N'Creating unnamed constraint on [dbo].[UserPackages]...';


GO
ALTER TABLE [dbo].[UserPackages]
    ADD DEFAULT 0 FOR [Processed];


GO
PRINT N'Creating unnamed constraint on [dbo].[UserPackages]...';


GO
ALTER TABLE [dbo].[UserPackages]
    ADD DEFAULT 0 FOR [TaxAmount];


GO
PRINT N'Creating unnamed constraint on [dbo].[UserPackages]...';


GO
ALTER TABLE [dbo].[UserPackages]
    ADD DEFAULT 0 FOR [TipAmount];


GO
PRINT N'Creating unnamed constraint on [dbo].[WorkDone]...';


GO
ALTER TABLE [dbo].[WorkDone]
    ADD DEFAULT 0 FOR [IsCompleted];


GO
PRINT N'Creating unnamed constraint on [dbo].[WorkerGarages]...';


GO
ALTER TABLE [dbo].[WorkerGarages]
    ADD DEFAULT 0 FOR [IsActive];


GO
PRINT N'Creating [dbo].[FK_AdhocUserPackages_Users]...';


GO
ALTER TABLE [dbo].[AdhocUserPackages]
    ADD CONSTRAINT [FK_AdhocUserPackages_Users] FOREIGN KEY ([UserId]) REFERENCES [dbo].[AspNetUsers] ([Id]);


GO
PRINT N'Creating [dbo].[FK_AdhocUserPackages_Packages]...';


GO
ALTER TABLE [dbo].[AdhocUserPackages]
    ADD CONSTRAINT [FK_AdhocUserPackages_Packages] FOREIGN KEY ([PackageId]) REFERENCES [dbo].[Packages] ([PackageId]);


GO
PRINT N'Creating [dbo].[FK_AdhocUserPackages_CarUsers]...';


GO
ALTER TABLE [dbo].[AdhocUserPackages]
    ADD CONSTRAINT [FK_AdhocUserPackages_CarUsers] FOREIGN KEY ([CarId]) REFERENCES [dbo].[CarUsers] ([CarId]);


GO
PRINT N'Creating [dbo].[FK_AdhocUserPackages_UserPackages]...';


GO
ALTER TABLE [dbo].[AdhocUserPackages]
    ADD CONSTRAINT [FK_AdhocUserPackages_UserPackages] FOREIGN KEY ([ExistingPackageId]) REFERENCES [dbo].[UserPackages] ([Id]);


GO
PRINT N'Creating [dbo].[FK_AdhocUserPackagesAddons_AdhocUserPackages]...';


GO
ALTER TABLE [dbo].[AdhocUserPackagesAddons]
    ADD CONSTRAINT [FK_AdhocUserPackagesAddons_AdhocUserPackages] FOREIGN KEY ([UserPackageID]) REFERENCES [dbo].[AdhocUserPackages] ([Id]);


GO
PRINT N'Creating [dbo].[FK_AdhocUserPackagesAddons_ToServices]...';


GO
ALTER TABLE [dbo].[AdhocUserPackagesAddons]
    ADD CONSTRAINT [FK_AdhocUserPackagesAddons_ToServices] FOREIGN KEY ([ServiceID]) REFERENCES [dbo].[Services] ([ServiceID]);


GO
PRINT N'Creating [dbo].[FK_dbo.AspNetUserClaims_dbo.AspNetUsers_UserId]...';


GO
ALTER TABLE [dbo].[AspNetUserClaims]
    ADD CONSTRAINT [FK_dbo.AspNetUserClaims_dbo.AspNetUsers_UserId] FOREIGN KEY ([UserId]) REFERENCES [dbo].[AspNetUsers] ([Id]) ON DELETE CASCADE;


GO
PRINT N'Creating [dbo].[FK_dbo.AspNetUserLogins_dbo.AspNetUsers_UserId]...';


GO
ALTER TABLE [dbo].[AspNetUserLogins]
    ADD CONSTRAINT [FK_dbo.AspNetUserLogins_dbo.AspNetUsers_UserId] FOREIGN KEY ([UserId]) REFERENCES [dbo].[AspNetUsers] ([Id]) ON DELETE CASCADE;


GO
PRINT N'Creating [dbo].[FK_dbo.AspNetUserRoles_dbo.AspNetRoles_RoleId]...';


GO
ALTER TABLE [dbo].[AspNetUserRoles]
    ADD CONSTRAINT [FK_dbo.AspNetUserRoles_dbo.AspNetRoles_RoleId] FOREIGN KEY ([RoleId]) REFERENCES [dbo].[AspNetRoles] ([Id]) ON DELETE CASCADE;


GO
PRINT N'Creating [dbo].[FK_dbo.AspNetUserRoles_dbo.AspNetUsers_UserId]...';


GO
ALTER TABLE [dbo].[AspNetUserRoles]
    ADD CONSTRAINT [FK_dbo.AspNetUserRoles_dbo.AspNetUsers_UserId] FOREIGN KEY ([UserId]) REFERENCES [dbo].[AspNetUsers] ([Id]) ON DELETE CASCADE;


GO
PRINT N'Creating [dbo].[FK_AspNetUsers_States]...';


GO
ALTER TABLE [dbo].[AspNetUsers]
    ADD CONSTRAINT [FK_AspNetUsers_States] FOREIGN KEY ([State]) REFERENCES [dbo].[States] ([Id]);


GO
PRINT N'Creating [dbo].[FK_AspNetUsers_Cities]...';


GO
ALTER TABLE [dbo].[AspNetUsers]
    ADD CONSTRAINT [FK_AspNetUsers_Cities] FOREIGN KEY ([City]) REFERENCES [dbo].[Cities] ([Id]);


GO
PRINT N'Creating [dbo].[FK_CarOwnerId_AspNetUsers]...';


GO
ALTER TABLE [dbo].[CarServiceEntries]
    ADD CONSTRAINT [FK_CarOwnerId_AspNetUsers] FOREIGN KEY ([CarOwnerId]) REFERENCES [dbo].[AspNetUsers] ([Id]);


GO
PRINT N'Creating [dbo].[FK_WorkererId_AspNetUsers]...';


GO
ALTER TABLE [dbo].[CarServiceEntries]
    ADD CONSTRAINT [FK_WorkererId_AspNetUsers] FOREIGN KEY ([WorkerId]) REFERENCES [dbo].[AspNetUsers] ([Id]);


GO
PRINT N'Creating [dbo].[FK_CarServiceEntries_CarUsers]...';


GO
ALTER TABLE [dbo].[CarServiceEntries]
    ADD CONSTRAINT [FK_CarServiceEntries_CarUsers] FOREIGN KEY ([CarId]) REFERENCES [dbo].[CarUsers] ([CarId]);


GO
PRINT N'Creating [dbo].[FK_CarServiceEntries_Packages]...';


GO
ALTER TABLE [dbo].[CarServiceEntries]
    ADD CONSTRAINT [FK_CarServiceEntries_Packages] FOREIGN KEY ([PackageId]) REFERENCES [dbo].[Packages] ([PackageId]);


GO
PRINT N'Creating [dbo].[FK_CarUsers_Users]...';


GO
ALTER TABLE [dbo].[CarUsers]
    ADD CONSTRAINT [FK_CarUsers_Users] FOREIGN KEY ([UserId]) REFERENCES [dbo].[AspNetUsers] ([Id]);


GO
PRINT N'Creating [dbo].[FK_CarUsers_CarTypes]...';


GO
ALTER TABLE [dbo].[CarUsers]
    ADD CONSTRAINT [FK_CarUsers_CarTypes] FOREIGN KEY ([Type]) REFERENCES [dbo].[CarTypes] ([Id]);


GO
PRINT N'Creating [dbo].[FK_CarUsers_Garage]...';


GO
ALTER TABLE [dbo].[CarUsers]
    ADD CONSTRAINT [FK_CarUsers_Garage] FOREIGN KEY ([GarageId]) REFERENCES [dbo].[Garages] ([GarageId]);


GO
PRINT N'Creating [dbo].[FK_Cities_State]...';


GO
ALTER TABLE [dbo].[Cities]
    ADD CONSTRAINT [FK_Cities_State] FOREIGN KEY ([StateID]) REFERENCES [dbo].[States] ([Id]);


GO
PRINT N'Creating [dbo].[FK_CrewAdmin_AspNetUsers]...';


GO
ALTER TABLE [dbo].[CrewAdminMember]
    ADD CONSTRAINT [FK_CrewAdmin_AspNetUsers] FOREIGN KEY ([CrewMemberId]) REFERENCES [dbo].[AspNetUsers] ([Id]);


GO
PRINT N'Creating [dbo].[FK_CrewMember_AspNetUsers]...';


GO
ALTER TABLE [dbo].[CrewAdminMember]
    ADD CONSTRAINT [FK_CrewMember_AspNetUsers] FOREIGN KEY ([CrewAdminId]) REFERENCES [dbo].[AspNetUsers] ([Id]);


GO
PRINT N'Creating [dbo].[FK_Garages_States]...';


GO
ALTER TABLE [dbo].[Garages]
    ADD CONSTRAINT [FK_Garages_States] FOREIGN KEY ([State]) REFERENCES [dbo].[States] ([Id]);


GO
PRINT N'Creating [dbo].[FK_Garages_Cities]...';


GO
ALTER TABLE [dbo].[Garages]
    ADD CONSTRAINT [FK_Garages_Cities] FOREIGN KEY ([City]) REFERENCES [dbo].[Cities] ([Id]);


GO
PRINT N'Creating [dbo].[FK_GarrageWeekday_Garages]...';


GO
ALTER TABLE [dbo].[GarrageWeekday]
    ADD CONSTRAINT [FK_GarrageWeekday_Garages] FOREIGN KEY ([GarrageId]) REFERENCES [dbo].[Garages] ([GarageId]);


GO
PRINT N'Creating [dbo].[FK_GarrageWeekday_Weekdays]...';


GO
ALTER TABLE [dbo].[GarrageWeekday]
    ADD CONSTRAINT [FK_GarrageWeekday_Weekdays] FOREIGN KEY ([WeekdayId]) REFERENCES [dbo].[Weekdays] ([Id]);


GO
PRINT N'Creating [dbo].[FK_CrewLeader_AspNetUSer]...';


GO
ALTER TABLE [dbo].[LeaderMember]
    ADD CONSTRAINT [FK_CrewLeader_AspNetUSer] FOREIGN KEY ([CrewLeaderID]) REFERENCES [dbo].[AspNetUsers] ([Id]);


GO
PRINT N'Creating [dbo].[FK_CrewMember_AspNetUSer]...';


GO
ALTER TABLE [dbo].[LeaderMember]
    ADD CONSTRAINT [FK_CrewMember_AspNetUSer] FOREIGN KEY ([CrewMemberID]) REFERENCES [dbo].[AspNetUsers] ([Id]);


GO
PRINT N'Creating [dbo].[FK_Package_Services_Packages]...';


GO
ALTER TABLE [dbo].[Package_Services]
    ADD CONSTRAINT [FK_Package_Services_Packages] FOREIGN KEY ([PackageID]) REFERENCES [dbo].[Packages] ([PackageId]);


GO
PRINT N'Creating [dbo].[FK_Package_Services_Services]...';


GO
ALTER TABLE [dbo].[Package_Services]
    ADD CONSTRAINT [FK_Package_Services_Services] FOREIGN KEY ([ServiceID]) REFERENCES [dbo].[Services] ([ServiceID]);


GO
PRINT N'Creating [dbo].[FK_Packages_CarTypes]...';


GO
ALTER TABLE [dbo].[Packages]
    ADD CONSTRAINT [FK_Packages_CarTypes] FOREIGN KEY ([CarTypeId]) REFERENCES [dbo].[CarTypes] ([Id]);


GO
PRINT N'Creating [dbo].[FK_PayPalLogs_UserPackage]...';


GO
ALTER TABLE [dbo].[PayPalLogs]
    ADD CONSTRAINT [FK_PayPalLogs_UserPackage] FOREIGN KEY ([SubscriptionID]) REFERENCES [dbo].[UserPackages] ([Id]);


GO
PRINT N'Creating [dbo].[FK_UserPackages_Users]...';


GO
ALTER TABLE [dbo].[UserPackages]
    ADD CONSTRAINT [FK_UserPackages_Users] FOREIGN KEY ([UserId]) REFERENCES [dbo].[AspNetUsers] ([Id]);


GO
PRINT N'Creating [dbo].[FK_UserPackages_Packages]...';


GO
ALTER TABLE [dbo].[UserPackages]
    ADD CONSTRAINT [FK_UserPackages_Packages] FOREIGN KEY ([PackageId]) REFERENCES [dbo].[Packages] ([PackageId]);


GO
PRINT N'Creating [dbo].[FK_UserPackages_CarUsers]...';


GO
ALTER TABLE [dbo].[UserPackages]
    ADD CONSTRAINT [FK_UserPackages_CarUsers] FOREIGN KEY ([CarId]) REFERENCES [dbo].[CarUsers] ([CarId]);


GO
PRINT N'Creating [dbo].[FK_UserPackagesAddons_UserPackages]...';


GO
ALTER TABLE [dbo].[UserPackagesAddons]
    ADD CONSTRAINT [FK_UserPackagesAddons_UserPackages] FOREIGN KEY ([UserPackageID]) REFERENCES [dbo].[UserPackages] ([Id]);


GO
PRINT N'Creating [dbo].[FK_UserPackagesAddons_ToServices]...';


GO
ALTER TABLE [dbo].[UserPackagesAddons]
    ADD CONSTRAINT [FK_UserPackagesAddons_ToServices] FOREIGN KEY ([ServiceID]) REFERENCES [dbo].[Services] ([ServiceID]);


GO
PRINT N'Creating [dbo].[FK_UserTransactions_UserPackages]...';


GO
ALTER TABLE [dbo].[UserTransactions]
    ADD CONSTRAINT [FK_UserTransactions_UserPackages] FOREIGN KEY ([PackageId]) REFERENCES [dbo].[UserPackages] ([Id]);


GO
PRINT N'Creating [dbo].[FK_UserTransactions_ASpnetUsers]...';


GO
ALTER TABLE [dbo].[UserTransactions]
    ADD CONSTRAINT [FK_UserTransactions_ASpnetUsers] FOREIGN KEY ([Userid]) REFERENCES [dbo].[AspNetUsers] ([Id]);


GO
PRINT N'Creating [dbo].[FK_WorkDone_AspNetUsers1]...';


GO
ALTER TABLE [dbo].[WorkDone]
    ADD CONSTRAINT [FK_WorkDone_AspNetUsers1] FOREIGN KEY ([CrewAdminId]) REFERENCES [dbo].[AspNetUsers] ([Id]);


GO
PRINT N'Creating [dbo].[FK_WorkDone_AspNetUsers2]...';


GO
ALTER TABLE [dbo].[WorkDone]
    ADD CONSTRAINT [FK_WorkDone_AspNetUsers2] FOREIGN KEY ([CrewMemberId]) REFERENCES [dbo].[AspNetUsers] ([Id]);


GO
PRINT N'Creating [dbo].[FK_WorkDone_AspNetUsers3]...';


GO
ALTER TABLE [dbo].[WorkDone]
    ADD CONSTRAINT [FK_WorkDone_AspNetUsers3] FOREIGN KEY ([UserId]) REFERENCES [dbo].[AspNetUsers] ([Id]);


GO
PRINT N'Creating [dbo].[FK_WorkDone_Packages]...';


GO
ALTER TABLE [dbo].[WorkDone]
    ADD CONSTRAINT [FK_WorkDone_Packages] FOREIGN KEY ([PackageId]) REFERENCES [dbo].[Packages] ([PackageId]);


GO
PRINT N'Creating [dbo].[FK_WorkerGarages_Garages]...';


GO
ALTER TABLE [dbo].[WorkerGarages]
    ADD CONSTRAINT [FK_WorkerGarages_Garages] FOREIGN KEY ([GarageID]) REFERENCES [dbo].[Garages] ([GarageId]);


GO
PRINT N'Creating [dbo].[FK_WorkLogDetails_WorkDone]...';


GO
ALTER TABLE [dbo].[WorkLogDetails]
    ADD CONSTRAINT [FK_WorkLogDetails_WorkDone] FOREIGN KEY ([WorkDoneId]) REFERENCES [dbo].[WorkDone] ([Id]);


GO
PRINT N'Creating [dbo].[FK_WorkLogDetails_LogDetailCarSide]...';


GO
ALTER TABLE [dbo].[WorkLogDetails]
    ADD CONSTRAINT [FK_WorkLogDetails_LogDetailCarSide] FOREIGN KEY ([SideId]) REFERENCES [dbo].[LogDetailCarSide] ([Id]);


GO
-- Refactoring step to update target server with deployed transaction logs

IF OBJECT_ID(N'dbo.__RefactorLog') IS NULL
BEGIN
    CREATE TABLE [dbo].[__RefactorLog] (OperationKey UNIQUEIDENTIFIER NOT NULL PRIMARY KEY)
    EXEC sp_addextendedproperty N'microsoft_database_tools_support', N'refactoring log', N'schema', N'dbo', N'table', N'__RefactorLog'
END
GO
IF NOT EXISTS (SELECT OperationKey FROM [dbo].[__RefactorLog] WHERE OperationKey = '77db096f-6a53-4867-9493-4dd7b09db204')
INSERT INTO [dbo].[__RefactorLog] (OperationKey) values ('77db096f-6a53-4867-9493-4dd7b09db204')
IF NOT EXISTS (SELECT OperationKey FROM [dbo].[__RefactorLog] WHERE OperationKey = '3a16a4a2-2e77-41d1-ad50-9f5cdca48c31')
INSERT INTO [dbo].[__RefactorLog] (OperationKey) values ('3a16a4a2-2e77-41d1-ad50-9f5cdca48c31')
IF NOT EXISTS (SELECT OperationKey FROM [dbo].[__RefactorLog] WHERE OperationKey = '521305c4-3320-491b-ae75-a085c3d067e4')
INSERT INTO [dbo].[__RefactorLog] (OperationKey) values ('521305c4-3320-491b-ae75-a085c3d067e4')
IF NOT EXISTS (SELECT OperationKey FROM [dbo].[__RefactorLog] WHERE OperationKey = '92c32cb9-5047-44bd-b98e-0a8a0c074d42')
INSERT INTO [dbo].[__RefactorLog] (OperationKey) values ('92c32cb9-5047-44bd-b98e-0a8a0c074d42')
IF NOT EXISTS (SELECT OperationKey FROM [dbo].[__RefactorLog] WHERE OperationKey = '54b14d60-cd71-4dda-b22a-0743a649bafa')
INSERT INTO [dbo].[__RefactorLog] (OperationKey) values ('54b14d60-cd71-4dda-b22a-0743a649bafa')
IF NOT EXISTS (SELECT OperationKey FROM [dbo].[__RefactorLog] WHERE OperationKey = '09e94437-c857-4a7b-9535-c6cc125d3f9b')
INSERT INTO [dbo].[__RefactorLog] (OperationKey) values ('09e94437-c857-4a7b-9535-c6cc125d3f9b')
IF NOT EXISTS (SELECT OperationKey FROM [dbo].[__RefactorLog] WHERE OperationKey = '8ad7ada2-7a90-42d2-83ff-50a9e54a0722')
INSERT INTO [dbo].[__RefactorLog] (OperationKey) values ('8ad7ada2-7a90-42d2-83ff-50a9e54a0722')
IF NOT EXISTS (SELECT OperationKey FROM [dbo].[__RefactorLog] WHERE OperationKey = 'b61e16df-8b4c-4b29-b509-4ef13d54eb50')
INSERT INTO [dbo].[__RefactorLog] (OperationKey) values ('b61e16df-8b4c-4b29-b509-4ef13d54eb50')
IF NOT EXISTS (SELECT OperationKey FROM [dbo].[__RefactorLog] WHERE OperationKey = 'ff675f5e-7191-435b-bf5b-4840aeb30dbc')
INSERT INTO [dbo].[__RefactorLog] (OperationKey) values ('ff675f5e-7191-435b-bf5b-4840aeb30dbc')
IF NOT EXISTS (SELECT OperationKey FROM [dbo].[__RefactorLog] WHERE OperationKey = '7f70316c-5742-4615-820d-2c2b9a55a1c5')
INSERT INTO [dbo].[__RefactorLog] (OperationKey) values ('7f70316c-5742-4615-820d-2c2b9a55a1c5')
IF NOT EXISTS (SELECT OperationKey FROM [dbo].[__RefactorLog] WHERE OperationKey = '74dcdd5f-b096-4562-901c-e37241ad219b')
INSERT INTO [dbo].[__RefactorLog] (OperationKey) values ('74dcdd5f-b096-4562-901c-e37241ad219b')
IF NOT EXISTS (SELECT OperationKey FROM [dbo].[__RefactorLog] WHERE OperationKey = 'e1825229-3652-41ab-a725-17547953d5ed')
INSERT INTO [dbo].[__RefactorLog] (OperationKey) values ('e1825229-3652-41ab-a725-17547953d5ed')
IF NOT EXISTS (SELECT OperationKey FROM [dbo].[__RefactorLog] WHERE OperationKey = 'e51ca3db-eb02-49ed-af72-dd423ba0ee66')
INSERT INTO [dbo].[__RefactorLog] (OperationKey) values ('e51ca3db-eb02-49ed-af72-dd423ba0ee66')
IF NOT EXISTS (SELECT OperationKey FROM [dbo].[__RefactorLog] WHERE OperationKey = '16c7fbd2-4ae2-4406-9832-f5725e4e5254')
INSERT INTO [dbo].[__RefactorLog] (OperationKey) values ('16c7fbd2-4ae2-4406-9832-f5725e4e5254')
IF NOT EXISTS (SELECT OperationKey FROM [dbo].[__RefactorLog] WHERE OperationKey = '3f96f03e-928d-4c89-85be-483058c9dbba')
INSERT INTO [dbo].[__RefactorLog] (OperationKey) values ('3f96f03e-928d-4c89-85be-483058c9dbba')
IF NOT EXISTS (SELECT OperationKey FROM [dbo].[__RefactorLog] WHERE OperationKey = '2f863062-7021-46b8-ade9-ccd796a7966f')
INSERT INTO [dbo].[__RefactorLog] (OperationKey) values ('2f863062-7021-46b8-ade9-ccd796a7966f')
IF NOT EXISTS (SELECT OperationKey FROM [dbo].[__RefactorLog] WHERE OperationKey = '5fee1021-c747-448d-94cd-aad50d491e5d')
INSERT INTO [dbo].[__RefactorLog] (OperationKey) values ('5fee1021-c747-448d-94cd-aad50d491e5d')
IF NOT EXISTS (SELECT OperationKey FROM [dbo].[__RefactorLog] WHERE OperationKey = 'da8205f7-1086-4929-b85b-df6a8df29103')
INSERT INTO [dbo].[__RefactorLog] (OperationKey) values ('da8205f7-1086-4929-b85b-df6a8df29103')
IF NOT EXISTS (SELECT OperationKey FROM [dbo].[__RefactorLog] WHERE OperationKey = '623da474-0782-463f-aca0-29f58a3f99a3')
INSERT INTO [dbo].[__RefactorLog] (OperationKey) values ('623da474-0782-463f-aca0-29f58a3f99a3')
IF NOT EXISTS (SELECT OperationKey FROM [dbo].[__RefactorLog] WHERE OperationKey = 'cec96f61-7ec3-4784-8d3d-59f9b3e51e10')
INSERT INTO [dbo].[__RefactorLog] (OperationKey) values ('cec96f61-7ec3-4784-8d3d-59f9b3e51e10')
IF NOT EXISTS (SELECT OperationKey FROM [dbo].[__RefactorLog] WHERE OperationKey = '5aa89626-60b0-4dd2-a179-c6632a4a7627')
INSERT INTO [dbo].[__RefactorLog] (OperationKey) values ('5aa89626-60b0-4dd2-a179-c6632a4a7627')
IF NOT EXISTS (SELECT OperationKey FROM [dbo].[__RefactorLog] WHERE OperationKey = 'd0dbac0f-16a9-404c-9244-686ca4354c85')
INSERT INTO [dbo].[__RefactorLog] (OperationKey) values ('d0dbac0f-16a9-404c-9244-686ca4354c85')
IF NOT EXISTS (SELECT OperationKey FROM [dbo].[__RefactorLog] WHERE OperationKey = 'f06788a9-a1d4-4195-a9c2-e8ca6696be39')
INSERT INTO [dbo].[__RefactorLog] (OperationKey) values ('f06788a9-a1d4-4195-a9c2-e8ca6696be39')
IF NOT EXISTS (SELECT OperationKey FROM [dbo].[__RefactorLog] WHERE OperationKey = '1a2dac57-6148-4bc0-854a-da68d1058314')
INSERT INTO [dbo].[__RefactorLog] (OperationKey) values ('1a2dac57-6148-4bc0-854a-da68d1058314')
IF NOT EXISTS (SELECT OperationKey FROM [dbo].[__RefactorLog] WHERE OperationKey = '3dc6fcae-08a2-4f9c-8c35-68733dffa2a2')
INSERT INTO [dbo].[__RefactorLog] (OperationKey) values ('3dc6fcae-08a2-4f9c-8c35-68733dffa2a2')
IF NOT EXISTS (SELECT OperationKey FROM [dbo].[__RefactorLog] WHERE OperationKey = '628ecf51-9b0a-4925-bbd2-ecd4301c1c81')
INSERT INTO [dbo].[__RefactorLog] (OperationKey) values ('628ecf51-9b0a-4925-bbd2-ecd4301c1c81')

GO

GO
/*
Post-Deployment Script Template							
--------------------------------------------------------------------------------------
 This file contains SQL statements that will be appended to the build script.		
 Use SQLCMD syntax to include a file in the post-deployment script.			
 Example:      :r .\myfile.sql								
 Use SQLCMD syntax to reference a variable in the post-deployment script.		
 Example:      :setvar TableName MyTable							
               SELECT * FROM [$(TableName)]					
--------------------------------------------------------------------------------------
*/

SET IDENTITY_INSERT [dbo].[States] ON
INSERT INTO [dbo].[States] ([Id], [StateName]) VALUES (1, N'New Jersey')
INSERT INTO [dbo].[States] ([Id], [StateName]) VALUES (2, N'New York')
SET IDENTITY_INSERT [dbo].[States] OFF

SET IDENTITY_INSERT [dbo].[Cities] ON
INSERT INTO [dbo].[Cities] ([Id], [CityName], [StateID]) VALUES (1, N'Atlantic', 1)
INSERT INTO [dbo].[Cities] ([Id], [CityName], [StateID]) VALUES (2, N'Bergen', 1)
INSERT INTO [dbo].[Cities] ([Id], [CityName], [StateID]) VALUES (3, N'Burlington', 1)
INSERT INTO [dbo].[Cities] ([Id], [CityName], [StateID]) VALUES (4, N'Camden', 1)
INSERT INTO [dbo].[Cities] ([Id], [CityName], [StateID]) VALUES (5, N'Cape May', 1)
INSERT INTO [dbo].[Cities] ([Id], [CityName], [StateID]) VALUES (6, N'Cumberland', 1)
INSERT INTO [dbo].[Cities] ([Id], [CityName], [StateID]) VALUES (7, N'Essex', 1)
INSERT INTO [dbo].[Cities] ([Id], [CityName], [StateID]) VALUES (8, N'Gloucester', 1)
INSERT INTO [dbo].[Cities] ([Id], [CityName], [StateID]) VALUES (9, N'Hudson', 1)
INSERT INTO [dbo].[Cities] ([Id], [CityName], [StateID]) VALUES (10, N'Hunterdon', 1)
INSERT INTO [dbo].[Cities] ([Id], [CityName], [StateID]) VALUES (11, N'Mercer', 1)
INSERT INTO [dbo].[Cities] ([Id], [CityName], [StateID]) VALUES (12, N'Middlesex', 1)
INSERT INTO [dbo].[Cities] ([Id], [CityName], [StateID]) VALUES (13, N'Monmouth', 1)
INSERT INTO [dbo].[Cities] ([Id], [CityName], [StateID]) VALUES (14, N'Morris', 1)
INSERT INTO [dbo].[Cities] ([Id], [CityName], [StateID]) VALUES (15, N'Ocean', 1)
INSERT INTO [dbo].[Cities] ([Id], [CityName], [StateID]) VALUES (16, N'Passaic', 1)
INSERT INTO [dbo].[Cities] ([Id], [CityName], [StateID]) VALUES (17, N'Salem', 1)
INSERT INTO [dbo].[Cities] ([Id], [CityName], [StateID]) VALUES (18, N'Somerset', 1)
INSERT INTO [dbo].[Cities] ([Id], [CityName], [StateID]) VALUES (19, N'Sussex', 1)
INSERT INTO [dbo].[Cities] ([Id], [CityName], [StateID]) VALUES (20, N'Union', 1)
INSERT INTO [dbo].[Cities] ([Id], [CityName], [StateID]) VALUES (21, N'Warren', 1)
INSERT INTO [dbo].[Cities] ([Id], [CityName], [StateID]) VALUES (22, N'Albany', 2)
INSERT INTO [dbo].[Cities] ([Id], [CityName], [StateID]) VALUES (23, N'Allegany', 2)
INSERT INTO [dbo].[Cities] ([Id], [CityName], [StateID]) VALUES (24, N'Bronx', 2)
INSERT INTO [dbo].[Cities] ([Id], [CityName], [StateID]) VALUES (25, N'Broome', 2)
INSERT INTO [dbo].[Cities] ([Id], [CityName], [StateID]) VALUES (26, N'Cattaraugus', 2)
INSERT INTO [dbo].[Cities] ([Id], [CityName], [StateID]) VALUES (27, N'Cayuga', 2)
INSERT INTO [dbo].[Cities] ([Id], [CityName], [StateID]) VALUES (28, N'Chautauqua', 2)
INSERT INTO [dbo].[Cities] ([Id], [CityName], [StateID]) VALUES (29, N'Chemung', 2)
INSERT INTO [dbo].[Cities] ([Id], [CityName], [StateID]) VALUES (30, N'Chenango', 2)
INSERT INTO [dbo].[Cities] ([Id], [CityName], [StateID]) VALUES (31, N'Clinton', 2)
INSERT INTO [dbo].[Cities] ([Id], [CityName], [StateID]) VALUES (32, N'Columbia', 2)
INSERT INTO [dbo].[Cities] ([Id], [CityName], [StateID]) VALUES (33, N'Cortland', 2)
INSERT INTO [dbo].[Cities] ([Id], [CityName], [StateID]) VALUES (34, N'Delaware', 2)
INSERT INTO [dbo].[Cities] ([Id], [CityName], [StateID]) VALUES (35, N'Dutchess', 2)
INSERT INTO [dbo].[Cities] ([Id], [CityName], [StateID]) VALUES (36, N'Erie', 2)
INSERT INTO [dbo].[Cities] ([Id], [CityName], [StateID]) VALUES (37, N'Essex', 2)
INSERT INTO [dbo].[Cities] ([Id], [CityName], [StateID]) VALUES (38, N'Franklin', 2)
INSERT INTO [dbo].[Cities] ([Id], [CityName], [StateID]) VALUES (39, N'Fulton', 2)
INSERT INTO [dbo].[Cities] ([Id], [CityName], [StateID]) VALUES (40, N'Genesee', 2)
INSERT INTO [dbo].[Cities] ([Id], [CityName], [StateID]) VALUES (41, N'Greene', 2)
INSERT INTO [dbo].[Cities] ([Id], [CityName], [StateID]) VALUES (42, N'Hamilton', 2)
INSERT INTO [dbo].[Cities] ([Id], [CityName], [StateID]) VALUES (43, N'Herkimer', 2)
INSERT INTO [dbo].[Cities] ([Id], [CityName], [StateID]) VALUES (44, N'Jefferson', 2)
INSERT INTO [dbo].[Cities] ([Id], [CityName], [StateID]) VALUES (45, N'Kings', 2)
INSERT INTO [dbo].[Cities] ([Id], [CityName], [StateID]) VALUES (46, N'Lewis', 2)
INSERT INTO [dbo].[Cities] ([Id], [CityName], [StateID]) VALUES (47, N'Livingston', 2)
INSERT INTO [dbo].[Cities] ([Id], [CityName], [StateID]) VALUES (48, N'Madison', 2)
INSERT INTO [dbo].[Cities] ([Id], [CityName], [StateID]) VALUES (49, N'Monroe', 2)
INSERT INTO [dbo].[Cities] ([Id], [CityName], [StateID]) VALUES (50, N'Montgomery', 2)
INSERT INTO [dbo].[Cities] ([Id], [CityName], [StateID]) VALUES (51, N'Nassau', 2)
INSERT INTO [dbo].[Cities] ([Id], [CityName], [StateID]) VALUES (52, N'New York', 2)
INSERT INTO [dbo].[Cities] ([Id], [CityName], [StateID]) VALUES (53, N'Niagara', 2)
INSERT INTO [dbo].[Cities] ([Id], [CityName], [StateID]) VALUES (54, N'Oneida', 2)
INSERT INTO [dbo].[Cities] ([Id], [CityName], [StateID]) VALUES (55, N'Onondaga', 2)
INSERT INTO [dbo].[Cities] ([Id], [CityName], [StateID]) VALUES (56, N'Ontario', 2)
INSERT INTO [dbo].[Cities] ([Id], [CityName], [StateID]) VALUES (57, N'Orange', 2)
INSERT INTO [dbo].[Cities] ([Id], [CityName], [StateID]) VALUES (58, N'Orleans', 2)
INSERT INTO [dbo].[Cities] ([Id], [CityName], [StateID]) VALUES (59, N'Oswego', 2)
INSERT INTO [dbo].[Cities] ([Id], [CityName], [StateID]) VALUES (60, N'Otsego', 2)
INSERT INTO [dbo].[Cities] ([Id], [CityName], [StateID]) VALUES (61, N'Putnam', 2)
INSERT INTO [dbo].[Cities] ([Id], [CityName], [StateID]) VALUES (62, N'Queens', 2)
INSERT INTO [dbo].[Cities] ([Id], [CityName], [StateID]) VALUES (63, N'Rensselaer', 2)
INSERT INTO [dbo].[Cities] ([Id], [CityName], [StateID]) VALUES (64, N'Richmond', 2)
INSERT INTO [dbo].[Cities] ([Id], [CityName], [StateID]) VALUES (65, N'Rockland', 2)
INSERT INTO [dbo].[Cities] ([Id], [CityName], [StateID]) VALUES (66, N'Saint Lawrence', 2)
INSERT INTO [dbo].[Cities] ([Id], [CityName], [StateID]) VALUES (67, N'Saratoga', 2)
INSERT INTO [dbo].[Cities] ([Id], [CityName], [StateID]) VALUES (68, N'Schenectady', 2)
INSERT INTO [dbo].[Cities] ([Id], [CityName], [StateID]) VALUES (69, N'Schoharie', 2)
INSERT INTO [dbo].[Cities] ([Id], [CityName], [StateID]) VALUES (70, N'Schuyler', 2)
INSERT INTO [dbo].[Cities] ([Id], [CityName], [StateID]) VALUES (71, N'Seneca', 2)
INSERT INTO [dbo].[Cities] ([Id], [CityName], [StateID]) VALUES (72, N'Steuben', 2)
INSERT INTO [dbo].[Cities] ([Id], [CityName], [StateID]) VALUES (73, N'Suffolk', 2)
INSERT INTO [dbo].[Cities] ([Id], [CityName], [StateID]) VALUES (74, N'Sullivan', 2)
INSERT INTO [dbo].[Cities] ([Id], [CityName], [StateID]) VALUES (75, N'Tioga', 2)
INSERT INTO [dbo].[Cities] ([Id], [CityName], [StateID]) VALUES (76, N'Tompkins', 2)
INSERT INTO [dbo].[Cities] ([Id], [CityName], [StateID]) VALUES (77, N'Ulster', 2)
INSERT INTO [dbo].[Cities] ([Id], [CityName], [StateID]) VALUES (78, N'Warren', 2)
INSERT INTO [dbo].[Cities] ([Id], [CityName], [StateID]) VALUES (79, N'Washington', 2)
INSERT INTO [dbo].[Cities] ([Id], [CityName], [StateID]) VALUES (80, N'Wayne', 2)
INSERT INTO [dbo].[Cities] ([Id], [CityName], [StateID]) VALUES (81, N'Westchester', 2)
INSERT INTO [dbo].[Cities] ([Id], [CityName], [StateID]) VALUES (82, N'Wyoming', 2)
INSERT INTO [dbo].[Cities] ([Id], [CityName], [StateID]) VALUES (83, N'Yates', 2)
SET IDENTITY_INSERT [dbo].[Cities] OFF


INSERT INTO [dbo].[CarTypes] ( [Description]) VALUES ( N'Two Seat Coupe')
INSERT INTO [dbo].[CarTypes] ( [Description]) VALUES ( N'Sedan')
INSERT INTO [dbo].[CarTypes] ( [Description]) VALUES ( N'Small SUV')
INSERT INTO [dbo].[CarTypes] ( [Description]) VALUES ( N'Large SUV / MINI VAN')
INSERT INTO [dbo].[CarTypes] ( [Description]) VALUES ( N'Extra Large Vehicles')


INSERT INTO [dbo].[Services] ([Service_Name], [Service_Description], [Service_Price], [CreateDt], [CreatedBy]) VALUES (N'Regular Exterior Wash', N'Regular Exterior Wash', CAST(10.0000 AS Money), N'2015-05-26 00:00:00', N'Admin')
INSERT INTO [dbo].[Services] ([Service_Name], [Service_Description], [Service_Price], [CreateDt], [CreatedBy]) VALUES (N'Wipe Door Jams and Trunk Edges', N'Wipe Door Jams and Trunk Edges', CAST(10.0000 AS Money), N'2014-12-12 00:00:00', N'Admin')
INSERT INTO [dbo].[Services] ([Service_Name], [Service_Description], [Service_Price], [CreateDt], [CreatedBy]) VALUES (N'Clean Mirrors', N'Clean Mirrors', CAST(5.0000 AS Money), N'2015-05-26 00:00:00', N'Admin')
INSERT INTO [dbo].[Services] ([Service_Name], [Service_Description], [Service_Price], [CreateDt], [CreatedBy]) VALUES (N'Interior and Exterior Window Cleaning', N'Interior and Exterior Window Cleaning', CAST(15.0000 AS Money), N'2015-05-26 00:00:00', N'Admin')
INSERT INTO [dbo].[Services] ([Service_Name], [Service_Description], [Service_Price], [CreateDt], [CreatedBy]) VALUES (N'Clean Wheels and Tyres', N'Clean Wheels and Tyres', CAST(12.0000 AS Money), N'2015-05-26 00:00:00', N'Admin')



INSERT INTO [dbo].[Garages] ( [Garage_Name], [Garage_Address], [State], [City], [Country], [Pincode], [Latitute], [Longitude], [IsActive], [CreatedDt], [CreatedBy], [Contact_Person], [Phone_Number], [Email], [OpenTime], [CloseTime], [ServiceDays]) VALUES ( N'Icon Parking Systems', N'350 Fifth Avenue, 34th floor
New York, NY 10118-3299 USA', 1, 1, N'US', N'121212', 40.748384, -73.9854792, 1, N'2015-05-18', N'ADmin', N'Kunal', N'09860766659', N'kunal@innoator.com', N'09:00:00', N'19:00:00', N'Tuesday')
INSERT INTO [dbo].[Garages] ( [Garage_Name], [Garage_Address], [State], [City], [Country], [Pincode], [Latitute], [Longitude], [IsActive], [CreatedDt], [CreatedBy], [Contact_Person], [Phone_Number], [Email], [OpenTime], [CloseTime], [ServiceDays]) VALUES ( N'Rapid Park Industries', N'59 W 36th St
New York, NY, United States', 1, 1, N'US', N'121212', 40.751095, -73.985919, 1, N'2015-05-18', N'ADmin', N'Kunal', N'09860766659', N'kunal@innoator.com', N'09:00:00', N'19:00:00', N'Tuesday')
INSERT INTO [dbo].[Garages] ( [Garage_Name], [Garage_Address], [State], [City], [Country], [Pincode], [Latitute], [Longitude], [IsActive], [CreatedDt], [CreatedBy], [Contact_Person], [Phone_Number], [Email], [OpenTime], [CloseTime], [ServiceDays]) VALUES ( N'Imperial Parking Systems', N'1501 Lexington Ave
New York, NY, United States', 1, 1, N'US', N'121212', 40.7863301, -73.9502706, 1, N'2015-05-18', N'ADmin', N'Kunal', N'09860766659', N'kunal@innoator.com', N'09:00:00', N'19:00:00', N'Tuesday')
INSERT INTO [dbo].[Garages] ( [Garage_Name], [Garage_Address], [State], [City], [Country], [Pincode], [Latitute], [Longitude], [IsActive], [CreatedDt], [CreatedBy], [Contact_Person], [Phone_Number], [Email], [OpenTime], [CloseTime], [ServiceDays]) VALUES ( N'TGS Garages & Doors', N'Farmingdale, NJ
United States', 1, 1, N'US', N'121212', 40.1965018, -74.1684757, 1, N'2015-05-18', N'ADmin', N'Kunal', N'09860766659', N'kunal@innoator.com', N'09:00:00', N'19:00:00', N'Tuesday')
INSERT INTO [dbo].[Garages] ( [Garage_Name], [Garage_Address], [State], [City], [Country], [Pincode], [Latitute], [Longitude], [IsActive], [CreatedDt], [CreatedBy], [Contact_Person], [Phone_Number], [Email], [OpenTime], [CloseTime], [ServiceDays]) VALUES ( N'Kingston Garage', N'9 Diamond Hill Rd
Marlboro Township, NJ, United States', 1, 1, N'US', N'121212', 40.29182, -74.235146, 1, N'2015-05-18', N'ADmin', N'Kunal', N'09860766659', N'kunal@innoator.com', N'09:00:00', N'19:00:00', N'Tuesday')
INSERT INTO [dbo].[Garages] ( [Garage_Name], [Garage_Address], [State], [City], [Country], [Pincode], [Latitute], [Longitude], [IsActive], [CreatedDt], [CreatedBy], [Contact_Person], [Phone_Number], [Email], [OpenTime], [CloseTime], [ServiceDays]) VALUES (N'EncoreGarage of New Jersey', N'1151 NJ-33
Farmingdale, NJ, United States', 1, 1, N'US', N'121212', 40.2255633, -74.1754369, 1, N'2015-05-18', N'ADmin', N'Kunal', N'09860766659', N'kunal@innoator.com', N'09:00:00', N'19:00:00', N'Tuesday')
INSERT INTO [dbo].[Garages] ( [Garage_Name], [Garage_Address], [State], [City], [Country], [Pincode], [Latitute], [Longitude], [IsActive], [CreatedDt], [CreatedBy], [Contact_Person], [Phone_Number], [Email], [OpenTime], [CloseTime], [ServiceDays]) VALUES (N'EncoreGarage of New Jersey', N'843 NJ-12
Frenchtown, NJ, United States', 1, 1, N'US', N'121212', 40.5098305, -74.9672936, 1, N'2015-05-18', N'ADmin', N'Kunal', N'09860766659', N'kunal@innoator.com', N'09:00:00', N'19:00:00', N'Tuesday')
INSERT INTO [dbo].[Garages] ( [Garage_Name], [Garage_Address], [State], [City], [Country], [Pincode], [Latitute], [Longitude], [IsActive], [CreatedDt], [CreatedBy], [Contact_Person], [Phone_Number], [Email], [OpenTime], [CloseTime], [ServiceDays]) VALUES (N'Garage Floor Coating of New Jersey', N'420 Benigno Blvd
Bellmawr, NJ, United States', 1, 1, N'US', N'121212', 39.8587001, -75.095471, 1, N'2015-05-18', N'ADmin', N'Kunal', N'09860766659', N'kunal@innoator.com', N'09:00:00', N'19:00:00', N'Tuesday')
INSERT INTO [dbo].[Garages] ( [Garage_Name], [Garage_Address], [State], [City], [Country], [Pincode], [Latitute], [Longitude], [IsActive], [CreatedDt], [CreatedBy], [Contact_Person], [Phone_Number], [Email], [OpenTime], [CloseTime], [ServiceDays]) VALUES (N'New Jersey Garage Sales', N'4 Tamarack Ln
Pine Brook, NJ, United States', 1, 1, N'US', N'121212', 40.8663167, -74.3342012, 1, N'2015-05-18', N'ADmin', N'Kunal', N'09860766659', N'kunal@innoator.com', N'09:00:00', N'19:00:00', N'Tuesday')


SET IDENTITY_INSERT [dbo].[Packages] ON
INSERT INTO [dbo].[Packages] ([PackageId], [Package_Name], [Package_Description], [CarTypeId], [Package_Price], [CreateDt], [CreatedBy]) VALUES (1, N'Basic Wash', N'This is Basic PAckage', 1, CAST(12.0000 AS Money), N'2015-06-18 18:54:57', N'Admin')
INSERT INTO [dbo].[Packages] ([PackageId], [Package_Name], [Package_Description], [CarTypeId], [Package_Price], [CreateDt], [CreatedBy]) VALUES (2, N'GOLD', N'This is Basic PAckage', 1, CAST(50.0000 AS Money), N'2015-06-18 18:55:15', N'Admin')
INSERT INTO [dbo].[Packages] ([PackageId], [Package_Name], [Package_Description], [CarTypeId], [Package_Price], [CreateDt], [CreatedBy]) VALUES (3, N'Complete', N'This is Basic PAckage', 1, CAST(55.9900 AS Money), N'2015-06-18 18:55:35', N'Admin')
INSERT INTO [dbo].[Packages] ([PackageId], [Package_Name], [Package_Description], [CarTypeId], [Package_Price], [CreateDt], [CreatedBy]) VALUES (4, N'Basic wash', N'Basic Wash for sedan', 2, CAST(20.0000 AS Money), N'2015-06-28 10:48:31', N'Admin')
INSERT INTO [dbo].[Packages] ([PackageId], [Package_Name], [Package_Description], [CarTypeId], [Package_Price], [CreateDt], [CreatedBy]) VALUES (5, N'Basic Wash', N'Basic wash for Small SUV', 3, CAST(20.0000 AS Money), N'2015-06-28 10:48:53', N'Admin')
INSERT INTO [dbo].[Packages] ([PackageId], [Package_Name], [Package_Description], [CarTypeId], [Package_Price], [CreateDt], [CreatedBy]) VALUES (6, N'Basic Wash', N'Basic Wash for  SUV', 4, CAST(50.0000 AS Money), N'2015-06-28 10:49:14', N'Admin')
INSERT INTO [dbo].[Packages] ([PackageId], [Package_Name], [Package_Description], [CarTypeId], [Package_Price], [CreateDt], [CreatedBy]) VALUES (7, N'Basic ', N'Basic Wash for Extra Large Vehicles', 5, CAST(55.9900 AS Money), N'2015-06-28 10:49:38', N'Admin')
SET IDENTITY_INSERT [dbo].[Packages] OFF

SET IDENTITY_INSERT [dbo].[Package_Services] ON
INSERT INTO [dbo].[Package_Services] ([PackageServiceId], [PackageID], [ServiceID]) VALUES (1, 1, 1)
INSERT INTO [dbo].[Package_Services] ([PackageServiceId], [PackageID], [ServiceID]) VALUES (2, 1, 2)
INSERT INTO [dbo].[Package_Services] ([PackageServiceId], [PackageID], [ServiceID]) VALUES (3, 2, 1)
INSERT INTO [dbo].[Package_Services] ([PackageServiceId], [PackageID], [ServiceID]) VALUES (4, 2, 2)
INSERT INTO [dbo].[Package_Services] ([PackageServiceId], [PackageID], [ServiceID]) VALUES (5, 2, 3)
INSERT INTO [dbo].[Package_Services] ([PackageServiceId], [PackageID], [ServiceID]) VALUES (6, 3, 1)
INSERT INTO [dbo].[Package_Services] ([PackageServiceId], [PackageID], [ServiceID]) VALUES (7, 3, 2)
INSERT INTO [dbo].[Package_Services] ([PackageServiceId], [PackageID], [ServiceID]) VALUES (8, 3, 3)
INSERT INTO [dbo].[Package_Services] ([PackageServiceId], [PackageID], [ServiceID]) VALUES (9, 3, 4)
INSERT INTO [dbo].[Package_Services] ([PackageServiceId], [PackageID], [ServiceID]) VALUES (10, 3, 5)
INSERT INTO [dbo].[Package_Services] ([PackageServiceId], [PackageID], [ServiceID]) VALUES (11, 4, 1)
INSERT INTO [dbo].[Package_Services] ([PackageServiceId], [PackageID], [ServiceID]) VALUES (12, 4, 2)
INSERT INTO [dbo].[Package_Services] ([PackageServiceId], [PackageID], [ServiceID]) VALUES (13, 5, 1)
INSERT INTO [dbo].[Package_Services] ([PackageServiceId], [PackageID], [ServiceID]) VALUES (14, 5, 2)
INSERT INTO [dbo].[Package_Services] ([PackageServiceId], [PackageID], [ServiceID]) VALUES (15, 6, 1)
INSERT INTO [dbo].[Package_Services] ([PackageServiceId], [PackageID], [ServiceID]) VALUES (16, 6, 2)
INSERT INTO [dbo].[Package_Services] ([PackageServiceId], [PackageID], [ServiceID]) VALUES (17, 7, 1)
INSERT INTO [dbo].[Package_Services] ([PackageServiceId], [PackageID], [ServiceID]) VALUES (18, 7, 2)
INSERT INTO [dbo].[Package_Services] ([PackageServiceId], [PackageID], [ServiceID]) VALUES (19, 7, 3)
SET IDENTITY_INSERT [dbo].[Package_Services] OFF


INSERT INTO [dbo].[AspNetRoles] ([Id], [Name]) VALUES (N'aba48f7f-d1e2-4672-a6e1-6de571fb5b64', N'Admin')
INSERT INTO [dbo].[AspNetRoles] ([Id], [Name]) VALUES (N'75c90dfb-5324-4e77-b09d-ee3a4aa0fcba', N'Crew Admin')
INSERT INTO [dbo].[AspNetRoles] ([Id], [Name]) VALUES (N'9c7e12a2-3726-423f-a408-c2c189b02ac2', N'Users')
INSERT INTO [dbo].[AspNetRoles] ([Id], [Name]) VALUES (N'75c90dfb-5324-4e77-b09d-ee3a4aa0fcbc', N'Crew Member')


INSERT INTO [dbo].[AspNetUsers] ([Id], [Email], [EmailConfirmed], [PasswordHash], [SecurityStamp], [PhoneNumber], [PhoneNumberConfirmed], [TwoFactorEnabled], [LockoutEndDateUtc], [LockoutEnabled], [AccessFailedCount], [UserName], [FirstName], [LastName], [DateofBirth], [Address], [State], [City], [Pincode], [Balance]) VALUES (N'5bd22f33-9887-4f00-accc-64658edabc0f', N'admin@greenpro.com', 1, N'AHjwD5ceY39YQyLd/wI8Yvn7m2ebw7jl8fXwr0jcoWaXp2S6RN/kNwNfXj7I+IjbfA==', N'f7720742-ace0-48af-833b-469a87a9bfae', NULL, 0, 0, NULL, 0, 0, N'admin@greenpro.com', N'Admin', N'GreenPro', N'1960-01-01', N'dsfs', 1, 1, N'1212222', 0)
INSERT INTO [dbo].[AspNetUsers] ([Id], [Email], [EmailConfirmed], [PasswordHash], [SecurityStamp], [PhoneNumber], [PhoneNumberConfirmed], [TwoFactorEnabled], [LockoutEndDateUtc], [LockoutEnabled], [AccessFailedCount], [UserName], [FirstName], [LastName], [DateofBirth], [Address], [State], [City], [Pincode], [Balance]) VALUES (N'92df0f69-fcbe-434c-a848-4df405004e89', N'user@greenpro.com', 1, N'AMmpRWfdFhqPJmZpUqr/hjLlr4AoZheAep+whumwQ5oP9YdE80eWG3EbKH3WhKj5xg==', N'30ad84bd-7bb5-4fb9-a7c5-099e209306ae', NULL, 0, 0, NULL, 0, 0, N'user@greenpro.com', N'User', N'GreenPRo', N'1960-01-01', N'3909 Witmer Road.
Niagara Falls, NY 14305', 2, 22, N'123456', 0)

INSERT INTO [dbo].[AspNetUserRoles] ([UserId], [RoleId]) VALUES (N'92df0f69-fcbe-434c-a848-4df405004e89', N'9c7e12a2-3726-423f-a408-c2c189b02ac2')
INSERT INTO [dbo].[AspNetUserRoles] ([UserId], [RoleId]) VALUES (N'5bd22f33-9887-4f00-accc-64658edabc0f', N'aba48f7f-d1e2-4672-a6e1-6de571fb5b64')

GO

GO
DECLARE @VarDecimalSupported AS BIT;

SELECT @VarDecimalSupported = 0;

IF ((ServerProperty(N'EngineEdition') = 3)
    AND (((@@microsoftversion / power(2, 24) = 9)
          AND (@@microsoftversion & 0xffff >= 3024))
         OR ((@@microsoftversion / power(2, 24) = 10)
             AND (@@microsoftversion & 0xffff >= 1600))))
    SELECT @VarDecimalSupported = 1;

IF (@VarDecimalSupported > 0)
    BEGIN
        EXECUTE sp_db_vardecimal_storage_format N'$(DatabaseName)', 'ON';
    END


GO
PRINT N'Update complete.';


GO
